code,name,market,sector,benefit_status,record_months,source_hint,last_checked_at
1301,公式確認待ち銘柄（1301）,未確認,未確認,candidate,8,企業公式IRページを確認,
1302,公式確認待ち銘柄（1302）,未確認,未確認,candidate,9,企業公式IRページを確認,
1303,公式確認待ち銘柄（1303）,未確認,未確認,candidate,10,企業公式IRページを確認,
1304,公式確認待ち銘柄（1304）,未確認,未確認,candidate,8,企業公式IRページを確認,
1305,公式確認待ち銘柄（1305）,未確認,未確認,candidate,9,企業公式IRページを確認,
1306,公式確認待ち銘柄（1306）,未確認,未確認,candidate,10,企業公式IRページを確認,
1307,公式確認待ち銘柄（1307）,未確認,未確認,candidate,8,企業公式IRページを確認,
1308,公式確認待ち銘柄（1308）,未確認,未確認,candidate,9,企業公式IRページを確認,
1309,公式確認待ち銘柄（1309）,未確認,未確認,candidate,10,企業公式IRページを確認,
1310,公式確認待ち銘柄（1310）,未確認,未確認,candidate,8,企業公式IRページを確認,
1311,公式確認待ち銘柄（1311）,未確認,未確認,candidate,9,企業公式IRページを確認,
1312,公式確認待ち銘柄（1312）,未確認,未確認,candidate,10,企業公式IRページを確認,
1313,公式確認待ち銘柄（1313）,未確認,未確認,candidate,8,企業公式IRページを確認,
1314,公式確認待ち銘柄（1314）,未確認,未確認,candidate,9,企業公式IRページを確認,
1315,公式確認待ち銘柄（1315）,未確認,未確認,candidate,10,企業公式IRページを確認,
1316,公式確認待ち銘柄（1316）,未確認,未確認,candidate,8,企業公式IRページを確認,
1317,公式確認待ち銘柄（1317）,未確認,未確認,candidate,9,企業公式IRページを確認,
1318,公式確認待ち銘柄（1318）,未確認,未確認,candidate,10,企業公式IRページを確認,
1319,公式確認待ち銘柄（1319）,未確認,未確認,candidate,8,企業公式IRページを確認,
1320,公式確認待ち銘柄（1320）,未確認,未確認,candidate,9,企業公式IRページを確認,
1321,公式確認待ち銘柄（1321）,未確認,未確認,candidate,10,企業公式IRページを確認,
1322,公式確認待ち銘柄（1322）,未確認,未確認,candidate,8,企業公式IRページを確認,
1323,公式確認待ち銘柄（1323）,未確認,未確認,candidate,9,企業公式IRページを確認,
1324,公式確認待ち銘柄（1324）,未確認,未確認,candidate,10,企業公式IRページを確認,
1325,公式確認待ち銘柄（1325）,未確認,未確認,candidate,8,企業公式IRページを確認,
1326,公式確認待ち銘柄（1326）,未確認,未確認,candidate,9,企業公式IRページを確認,
1327,公式確認待ち銘柄（1327）,未確認,未確認,candidate,10,企業公式IRページを確認,
1328,公式確認待ち銘柄（1328）,未確認,未確認,candidate,8,企業公式IRページを確認,
1329,公式確認待ち銘柄（1329）,未確認,未確認,candidate,9,企業公式IRページを確認,
1330,公式確認待ち銘柄（1330）,未確認,未確認,candidate,10,企業公式IRページを確認,
1331,公式確認待ち銘柄（1331）,未確認,未確認,candidate,8,企業公式IRページを確認,
1332,公式確認待ち銘柄（1332）,未確認,未確認,candidate,9,企業公式IRページを確認,
1333,公式確認待ち銘柄（1333）,未確認,未確認,candidate,10,企業公式IRページを確認,
1334,公式確認待ち銘柄（1334）,未確認,未確認,candidate,8,企業公式IRページを確認,
1335,公式確認待ち銘柄（1335）,未確認,未確認,candidate,9,企業公式IRページを確認,
1336,公式確認待ち銘柄（1336）,未確認,未確認,candidate,10,企業公式IRページを確認,
1337,公式確認待ち銘柄（1337）,未確認,未確認,candidate,8,企業公式IRページを確認,
1338,公式確認待ち銘柄（1338）,未確認,未確認,candidate,9,企業公式IRページを確認,
1339,公式確認待ち銘柄（1339）,未確認,未確認,candidate,10,企業公式IRページを確認,
1340,公式確認待ち銘柄（1340）,未確認,未確認,candidate,8,企業公式IRページを確認,
1341,公式確認待ち銘柄（1341）,未確認,未確認,candidate,9,企業公式IRページを確認,
1342,公式確認待ち銘柄（1342）,未確認,未確認,candidate,10,企業公式IRページを確認,
1343,公式確認待ち銘柄（1343）,未確認,未確認,candidate,8,企業公式IRページを確認,
1344,公式確認待ち銘柄（1344）,未確認,未確認,candidate,9,企業公式IRページを確認,
1345,公式確認待ち銘柄（1345）,未確認,未確認,candidate,10,企業公式IRページを確認,
1346,公式確認待ち銘柄（1346）,未確認,未確認,candidate,8,企業公式IRページを確認,
1347,公式確認待ち銘柄（1347）,未確認,未確認,candidate,9,企業公式IRページを確認,
1348,公式確認待ち銘柄（1348）,未確認,未確認,candidate,10,企業公式IRページを確認,
1349,公式確認待ち銘柄（1349）,未確認,未確認,candidate,8,企業公式IRページを確認,
1350,公式確認待ち銘柄（1350）,未確認,未確認,candidate,9,企業公式IRページを確認,
1351,公式確認待ち銘柄（1351）,未確認,未確認,candidate,10,企業公式IRページを確認,
1352,公式確認待ち銘柄（1352）,未確認,未確認,candidate,8,企業公式IRページを確認,
1353,公式確認待ち銘柄（1353）,未確認,未確認,candidate,9,企業公式IRページを確認,
1354,公式確認待ち銘柄（1354）,未確認,未確認,candidate,10,企業公式IRページを確認,
1355,公式確認待ち銘柄（1355）,未確認,未確認,candidate,8,企業公式IRページを確認,
1356,公式確認待ち銘柄（1356）,未確認,未確認,candidate,9,企業公式IRページを確認,
1357,公式確認待ち銘柄（1357）,未確認,未確認,candidate,10,企業公式IRページを確認,
1358,公式確認待ち銘柄（1358）,未確認,未確認,candidate,8,企業公式IRページを確認,
1359,公式確認待ち銘柄（1359）,未確認,未確認,candidate,9,企業公式IRページを確認,
1360,公式確認待ち銘柄（1360）,未確認,未確認,candidate,10,企業公式IRページを確認,
1361,公式確認待ち銘柄（1361）,未確認,未確認,candidate,8,企業公式IRページを確認,
1362,公式確認待ち銘柄（1362）,未確認,未確認,candidate,9,企業公式IRページを確認,
1363,公式確認待ち銘柄（1363）,未確認,未確認,candidate,10,企業公式IRページを確認,
1364,公式確認待ち銘柄（1364）,未確認,未確認,candidate,8,企業公式IRページを確認,
1365,公式確認待ち銘柄（1365）,未確認,未確認,candidate,9,企業公式IRページを確認,
1366,公式確認待ち銘柄（1366）,未確認,未確認,candidate,10,企業公式IRページを確認,
1367,公式確認待ち銘柄（1367）,未確認,未確認,candidate,8,企業公式IRページを確認,
1368,公式確認待ち銘柄（1368）,未確認,未確認,candidate,9,企業公式IRページを確認,
1369,公式確認待ち銘柄（1369）,未確認,未確認,candidate,10,企業公式IRページを確認,
1370,公式確認待ち銘柄（1370）,未確認,未確認,candidate,8,企業公式IRページを確認,
1371,公式確認待ち銘柄（1371）,未確認,未確認,candidate,9,企業公式IRページを確認,
1372,公式確認待ち銘柄（1372）,未確認,未確認,candidate,10,企業公式IRページを確認,
1373,公式確認待ち銘柄（1373）,未確認,未確認,candidate,8,企業公式IRページを確認,
1374,公式確認待ち銘柄（1374）,未確認,未確認,candidate,9,企業公式IRページを確認,
1375,公式確認待ち銘柄（1375）,未確認,未確認,candidate,10,企業公式IRページを確認,
1376,公式確認待ち銘柄（1376）,未確認,未確認,candidate,8,企業公式IRページを確認,
1377,公式確認待ち銘柄（1377）,未確認,未確認,candidate,9,企業公式IRページを確認,
1378,公式確認待ち銘柄（1378）,未確認,未確認,candidate,10,企業公式IRページを確認,
1379,公式確認待ち銘柄（1379）,未確認,未確認,candidate,8,企業公式IRページを確認,
1380,公式確認待ち銘柄（1380）,未確認,未確認,candidate,9,企業公式IRページを確認,
1381,公式確認待ち銘柄（1381）,未確認,未確認,candidate,10,企業公式IRページを確認,
1382,公式確認待ち銘柄（1382）,未確認,未確認,candidate,8,企業公式IRページを確認,
1383,公式確認待ち銘柄（1383）,未確認,未確認,candidate,9,企業公式IRページを確認,
1384,公式確認待ち銘柄（1384）,未確認,未確認,candidate,10,企業公式IRページを確認,
1385,公式確認待ち銘柄（1385）,未確認,未確認,candidate,8,企業公式IRページを確認,
1386,公式確認待ち銘柄（1386）,未確認,未確認,candidate,9,企業公式IRページを確認,
1387,公式確認待ち銘柄（1387）,未確認,未確認,candidate,10,企業公式IRページを確認,
1388,公式確認待ち銘柄（1388）,未確認,未確認,candidate,8,企業公式IRページを確認,
1389,公式確認待ち銘柄（1389）,未確認,未確認,candidate,9,企業公式IRページを確認,
1390,公式確認待ち銘柄（1390）,未確認,未確認,candidate,10,企業公式IRページを確認,
1391,公式確認待ち銘柄（1391）,未確認,未確認,candidate,8,企業公式IRページを確認,
1392,公式確認待ち銘柄（1392）,未確認,未確認,candidate,9,企業公式IRページを確認,
1393,公式確認待ち銘柄（1393）,未確認,未確認,candidate,10,企業公式IRページを確認,
1394,公式確認待ち銘柄（1394）,未確認,未確認,candidate,8,企業公式IRページを確認,
1395,公式確認待ち銘柄（1395）,未確認,未確認,candidate,9,企業公式IRページを確認,
1396,公式確認待ち銘柄（1396）,未確認,未確認,candidate,10,企業公式IRページを確認,
1397,公式確認待ち銘柄（1397）,未確認,未確認,candidate,8,企業公式IRページを確認,
1398,公式確認待ち銘柄（1398）,未確認,未確認,candidate,9,企業公式IRページを確認,
1399,公式確認待ち銘柄（1399）,未確認,未確認,candidate,10,企業公式IRページを確認,
1400,公式確認待ち銘柄（1400）,未確認,未確認,candidate,8,企業公式IRページを確認,
1401,公式確認待ち銘柄（1401）,未確認,未確認,candidate,9,企業公式IRページを確認,
1402,公式確認待ち銘柄（1402）,未確認,未確認,candidate,10,企業公式IRページを確認,
1403,公式確認待ち銘柄（1403）,未確認,未確認,candidate,8,企業公式IRページを確認,
1404,公式確認待ち銘柄（1404）,未確認,未確認,candidate,9,企業公式IRページを確認,
1405,公式確認待ち銘柄（1405）,未確認,未確認,candidate,10,企業公式IRページを確認,
1406,公式確認待ち銘柄（1406）,未確認,未確認,candidate,8,企業公式IRページを確認,
1407,公式確認待ち銘柄（1407）,未確認,未確認,candidate,9,企業公式IRページを確認,
1408,公式確認待ち銘柄（1408）,未確認,未確認,candidate,10,企業公式IRページを確認,
1409,公式確認待ち銘柄（1409）,未確認,未確認,candidate,8,企業公式IRページを確認,
1410,公式確認待ち銘柄（1410）,未確認,未確認,candidate,9,企業公式IRページを確認,
1411,公式確認待ち銘柄（1411）,未確認,未確認,candidate,10,企業公式IRページを確認,
1412,公式確認待ち銘柄（1412）,未確認,未確認,candidate,8,企業公式IRページを確認,
1413,公式確認待ち銘柄（1413）,未確認,未確認,candidate,9,企業公式IRページを確認,
1414,公式確認待ち銘柄（1414）,未確認,未確認,candidate,10,企業公式IRページを確認,
1415,公式確認待ち銘柄（1415）,未確認,未確認,candidate,8,企業公式IRページを確認,
1416,公式確認待ち銘柄（1416）,未確認,未確認,candidate,9,企業公式IRページを確認,
1417,公式確認待ち銘柄（1417）,未確認,未確認,candidate,10,企業公式IRページを確認,
1418,公式確認待ち銘柄（1418）,未確認,未確認,candidate,8,企業公式IRページを確認,
1419,公式確認待ち銘柄（1419）,未確認,未確認,candidate,9,企業公式IRページを確認,
1420,公式確認待ち銘柄（1420）,未確認,未確認,candidate,10,企業公式IRページを確認,
1421,公式確認待ち銘柄（1421）,未確認,未確認,candidate,8,企業公式IRページを確認,
1422,公式確認待ち銘柄（1422）,未確認,未確認,candidate,9,企業公式IRページを確認,
1423,公式確認待ち銘柄（1423）,未確認,未確認,candidate,10,企業公式IRページを確認,
1424,公式確認待ち銘柄（1424）,未確認,未確認,candidate,8,企業公式IRページを確認,
1425,公式確認待ち銘柄（1425）,未確認,未確認,candidate,9,企業公式IRページを確認,
1426,公式確認待ち銘柄（1426）,未確認,未確認,candidate,10,企業公式IRページを確認,
1427,公式確認待ち銘柄（1427）,未確認,未確認,candidate,8,企業公式IRページを確認,
1428,公式確認待ち銘柄（1428）,未確認,未確認,candidate,9,企業公式IRページを確認,
1429,公式確認待ち銘柄（1429）,未確認,未確認,candidate,10,企業公式IRページを確認,
1430,公式確認待ち銘柄（1430）,未確認,未確認,candidate,8,企業公式IRページを確認,
1431,公式確認待ち銘柄（1431）,未確認,未確認,candidate,9,企業公式IRページを確認,
1432,公式確認待ち銘柄（1432）,未確認,未確認,candidate,10,企業公式IRページを確認,
1433,公式確認待ち銘柄（1433）,未確認,未確認,candidate,8,企業公式IRページを確認,
1434,公式確認待ち銘柄（1434）,未確認,未確認,candidate,9,企業公式IRページを確認,
1435,公式確認待ち銘柄（1435）,未確認,未確認,candidate,10,企業公式IRページを確認,
1436,公式確認待ち銘柄（1436）,未確認,未確認,candidate,8,企業公式IRページを確認,
1437,公式確認待ち銘柄（1437）,未確認,未確認,candidate,9,企業公式IRページを確認,
1438,公式確認待ち銘柄（1438）,未確認,未確認,candidate,10,企業公式IRページを確認,
1439,公式確認待ち銘柄（1439）,未確認,未確認,candidate,8,企業公式IRページを確認,
1440,公式確認待ち銘柄（1440）,未確認,未確認,candidate,9,企業公式IRページを確認,
1441,公式確認待ち銘柄（1441）,未確認,未確認,candidate,10,企業公式IRページを確認,
1442,公式確認待ち銘柄（1442）,未確認,未確認,candidate,8,企業公式IRページを確認,
1443,公式確認待ち銘柄（1443）,未確認,未確認,candidate,9,企業公式IRページを確認,
1444,公式確認待ち銘柄（1444）,未確認,未確認,candidate,10,企業公式IRページを確認,
1445,公式確認待ち銘柄（1445）,未確認,未確認,candidate,8,企業公式IRページを確認,
1446,公式確認待ち銘柄（1446）,未確認,未確認,candidate,9,企業公式IRページを確認,
1447,公式確認待ち銘柄（1447）,未確認,未確認,candidate,10,企業公式IRページを確認,
1448,公式確認待ち銘柄（1448）,未確認,未確認,candidate,8,企業公式IRページを確認,
1449,公式確認待ち銘柄（1449）,未確認,未確認,candidate,9,企業公式IRページを確認,
1450,公式確認待ち銘柄（1450）,未確認,未確認,candidate,10,企業公式IRページを確認,
1451,公式確認待ち銘柄（1451）,未確認,未確認,candidate,8,企業公式IRページを確認,
1452,公式確認待ち銘柄（1452）,未確認,未確認,candidate,9,企業公式IRページを確認,
1453,公式確認待ち銘柄（1453）,未確認,未確認,candidate,10,企業公式IRページを確認,
1454,公式確認待ち銘柄（1454）,未確認,未確認,candidate,8,企業公式IRページを確認,
1455,公式確認待ち銘柄（1455）,未確認,未確認,candidate,9,企業公式IRページを確認,
1456,公式確認待ち銘柄（1456）,未確認,未確認,candidate,10,企業公式IRページを確認,
1457,公式確認待ち銘柄（1457）,未確認,未確認,candidate,8,企業公式IRページを確認,
1458,公式確認待ち銘柄（1458）,未確認,未確認,candidate,9,企業公式IRページを確認,
1459,公式確認待ち銘柄（1459）,未確認,未確認,candidate,10,企業公式IRページを確認,
1460,公式確認待ち銘柄（1460）,未確認,未確認,candidate,8,企業公式IRページを確認,
1461,公式確認待ち銘柄（1461）,未確認,未確認,candidate,9,企業公式IRページを確認,
1462,公式確認待ち銘柄（1462）,未確認,未確認,candidate,10,企業公式IRページを確認,
1463,公式確認待ち銘柄（1463）,未確認,未確認,candidate,8,企業公式IRページを確認,
1464,公式確認待ち銘柄（1464）,未確認,未確認,candidate,9,企業公式IRページを確認,
1465,公式確認待ち銘柄（1465）,未確認,未確認,candidate,10,企業公式IRページを確認,
1466,公式確認待ち銘柄（1466）,未確認,未確認,candidate,8,企業公式IRページを確認,
1467,公式確認待ち銘柄（1467）,未確認,未確認,candidate,9,企業公式IRページを確認,
1468,公式確認待ち銘柄（1468）,未確認,未確認,candidate,10,企業公式IRページを確認,
1469,公式確認待ち銘柄（1469）,未確認,未確認,candidate,8,企業公式IRページを確認,
1470,公式確認待ち銘柄（1470）,未確認,未確認,candidate,9,企業公式IRページを確認,
1471,公式確認待ち銘柄（1471）,未確認,未確認,candidate,10,企業公式IRページを確認,
1472,公式確認待ち銘柄（1472）,未確認,未確認,candidate,8,企業公式IRページを確認,
1473,公式確認待ち銘柄（1473）,未確認,未確認,candidate,9,企業公式IRページを確認,
1474,公式確認待ち銘柄（1474）,未確認,未確認,candidate,10,企業公式IRページを確認,
1475,公式確認待ち銘柄（1475）,未確認,未確認,candidate,8,企業公式IRページを確認,
1476,公式確認待ち銘柄（1476）,未確認,未確認,candidate,9,企業公式IRページを確認,
1477,公式確認待ち銘柄（1477）,未確認,未確認,candidate,10,企業公式IRページを確認,
1478,公式確認待ち銘柄（1478）,未確認,未確認,candidate,8,企業公式IRページを確認,
1479,公式確認待ち銘柄（1479）,未確認,未確認,candidate,9,企業公式IRページを確認,
1480,公式確認待ち銘柄（1480）,未確認,未確認,candidate,10,企業公式IRページを確認,
1481,公式確認待ち銘柄（1481）,未確認,未確認,candidate,8,企業公式IRページを確認,
1482,公式確認待ち銘柄（1482）,未確認,未確認,candidate,9,企業公式IRページを確認,
1483,公式確認待ち銘柄（1483）,未確認,未確認,candidate,10,企業公式IRページを確認,
1484,公式確認待ち銘柄（1484）,未確認,未確認,candidate,8,企業公式IRページを確認,
1485,公式確認待ち銘柄（1485）,未確認,未確認,candidate,9,企業公式IRページを確認,
1486,公式確認待ち銘柄（1486）,未確認,未確認,candidate,10,企業公式IRページを確認,
1487,公式確認待ち銘柄（1487）,未確認,未確認,candidate,8,企業公式IRページを確認,
1488,公式確認待ち銘柄（1488）,未確認,未確認,candidate,9,企業公式IRページを確認,
1489,公式確認待ち銘柄（1489）,未確認,未確認,candidate,10,企業公式IRページを確認,
1490,公式確認待ち銘柄（1490）,未確認,未確認,candidate,8,企業公式IRページを確認,
1491,公式確認待ち銘柄（1491）,未確認,未確認,candidate,9,企業公式IRページを確認,
1492,公式確認待ち銘柄（1492）,未確認,未確認,candidate,10,企業公式IRページを確認,
1493,公式確認待ち銘柄（1493）,未確認,未確認,candidate,8,企業公式IRページを確認,
1494,公式確認待ち銘柄（1494）,未確認,未確認,candidate,9,企業公式IRページを確認,
1495,公式確認待ち銘柄（1495）,未確認,未確認,candidate,10,企業公式IRページを確認,
1496,公式確認待ち銘柄（1496）,未確認,未確認,candidate,8,企業公式IRページを確認,
1497,公式確認待ち銘柄（1497）,未確認,未確認,candidate,9,企業公式IRページを確認,
1498,公式確認待ち銘柄（1498）,未確認,未確認,candidate,10,企業公式IRページを確認,
1499,公式確認待ち銘柄（1499）,未確認,未確認,candidate,8,企業公式IRページを確認,
1500,公式確認待ち銘柄（1500）,未確認,未確認,candidate,9,企業公式IRページを確認,
1501,公式確認待ち銘柄（1501）,未確認,未確認,candidate,10,企業公式IRページを確認,
1502,公式確認待ち銘柄（1502）,未確認,未確認,candidate,8,企業公式IRページを確認,
1503,公式確認待ち銘柄（1503）,未確認,未確認,candidate,9,企業公式IRページを確認,
1504,公式確認待ち銘柄（1504）,未確認,未確認,candidate,10,企業公式IRページを確認,
1505,公式確認待ち銘柄（1505）,未確認,未確認,candidate,8,企業公式IRページを確認,
1506,公式確認待ち銘柄（1506）,未確認,未確認,candidate,9,企業公式IRページを確認,
1507,公式確認待ち銘柄（1507）,未確認,未確認,candidate,10,企業公式IRページを確認,
1508,公式確認待ち銘柄（1508）,未確認,未確認,candidate,8,企業公式IRページを確認,
1509,公式確認待ち銘柄（1509）,未確認,未確認,candidate,9,企業公式IRページを確認,
1510,公式確認待ち銘柄（1510）,未確認,未確認,candidate,10,企業公式IRページを確認,
1511,公式確認待ち銘柄（1511）,未確認,未確認,candidate,8,企業公式IRページを確認,
1512,公式確認待ち銘柄（1512）,未確認,未確認,candidate,9,企業公式IRページを確認,
1513,公式確認待ち銘柄（1513）,未確認,未確認,candidate,10,企業公式IRページを確認,
1514,公式確認待ち銘柄（1514）,未確認,未確認,candidate,8,企業公式IRページを確認,
1515,公式確認待ち銘柄（1515）,未確認,未確認,candidate,9,企業公式IRページを確認,
1516,公式確認待ち銘柄（1516）,未確認,未確認,candidate,10,企業公式IRページを確認,
1517,公式確認待ち銘柄（1517）,未確認,未確認,candidate,8,企業公式IRページを確認,
1518,公式確認待ち銘柄（1518）,未確認,未確認,candidate,9,企業公式IRページを確認,
1519,公式確認待ち銘柄（1519）,未確認,未確認,candidate,10,企業公式IRページを確認,
1520,公式確認待ち銘柄（1520）,未確認,未確認,candidate,8,企業公式IRページを確認,
1521,公式確認待ち銘柄（1521）,未確認,未確認,candidate,9,企業公式IRページを確認,
1522,公式確認待ち銘柄（1522）,未確認,未確認,candidate,10,企業公式IRページを確認,
1523,公式確認待ち銘柄（1523）,未確認,未確認,candidate,8,企業公式IRページを確認,
1524,公式確認待ち銘柄（1524）,未確認,未確認,candidate,9,企業公式IRページを確認,
1525,公式確認待ち銘柄（1525）,未確認,未確認,candidate,10,企業公式IRページを確認,
1526,公式確認待ち銘柄（1526）,未確認,未確認,candidate,8,企業公式IRページを確認,
1527,公式確認待ち銘柄（1527）,未確認,未確認,candidate,9,企業公式IRページを確認,
1528,公式確認待ち銘柄（1528）,未確認,未確認,candidate,10,企業公式IRページを確認,
1529,公式確認待ち銘柄（1529）,未確認,未確認,candidate,8,企業公式IRページを確認,
1530,公式確認待ち銘柄（1530）,未確認,未確認,candidate,9,企業公式IRページを確認,
1531,公式確認待ち銘柄（1531）,未確認,未確認,candidate,10,企業公式IRページを確認,
1532,公式確認待ち銘柄（1532）,未確認,未確認,candidate,8,企業公式IRページを確認,
1533,公式確認待ち銘柄（1533）,未確認,未確認,candidate,9,企業公式IRページを確認,
1534,公式確認待ち銘柄（1534）,未確認,未確認,candidate,10,企業公式IRページを確認,
1535,公式確認待ち銘柄（1535）,未確認,未確認,candidate,8,企業公式IRページを確認,
1536,公式確認待ち銘柄（1536）,未確認,未確認,candidate,9,企業公式IRページを確認,
1537,公式確認待ち銘柄（1537）,未確認,未確認,candidate,10,企業公式IRページを確認,
1538,公式確認待ち銘柄（1538）,未確認,未確認,candidate,8,企業公式IRページを確認,
1539,公式確認待ち銘柄（1539）,未確認,未確認,candidate,9,企業公式IRページを確認,
1540,公式確認待ち銘柄（1540）,未確認,未確認,candidate,10,企業公式IRページを確認,
1541,公式確認待ち銘柄（1541）,未確認,未確認,candidate,8,企業公式IRページを確認,
1542,公式確認待ち銘柄（1542）,未確認,未確認,candidate,9,企業公式IRページを確認,
1543,公式確認待ち銘柄（1543）,未確認,未確認,candidate,10,企業公式IRページを確認,
1544,公式確認待ち銘柄（1544）,未確認,未確認,candidate,8,企業公式IRページを確認,
1545,公式確認待ち銘柄（1545）,未確認,未確認,candidate,9,企業公式IRページを確認,
1546,公式確認待ち銘柄（1546）,未確認,未確認,candidate,10,企業公式IRページを確認,
1547,公式確認待ち銘柄（1547）,未確認,未確認,candidate,8,企業公式IRページを確認,
1548,公式確認待ち銘柄（1548）,未確認,未確認,candidate,9,企業公式IRページを確認,
1549,公式確認待ち銘柄（1549）,未確認,未確認,candidate,10,企業公式IRページを確認,
1550,公式確認待ち銘柄（1550）,未確認,未確認,candidate,8,企業公式IRページを確認,
1551,公式確認待ち銘柄（1551）,未確認,未確認,candidate,9,企業公式IRページを確認,
1552,公式確認待ち銘柄（1552）,未確認,未確認,candidate,10,企業公式IRページを確認,
1553,公式確認待ち銘柄（1553）,未確認,未確認,candidate,8,企業公式IRページを確認,
1554,公式確認待ち銘柄（1554）,未確認,未確認,candidate,9,企業公式IRページを確認,
1555,公式確認待ち銘柄（1555）,未確認,未確認,candidate,10,企業公式IRページを確認,
1556,公式確認待ち銘柄（1556）,未確認,未確認,candidate,8,企業公式IRページを確認,
1557,公式確認待ち銘柄（1557）,未確認,未確認,candidate,9,企業公式IRページを確認,
1558,公式確認待ち銘柄（1558）,未確認,未確認,candidate,10,企業公式IRページを確認,
1559,公式確認待ち銘柄（1559）,未確認,未確認,candidate,8,企業公式IRページを確認,
1560,公式確認待ち銘柄（1560）,未確認,未確認,candidate,9,企業公式IRページを確認,
1561,公式確認待ち銘柄（1561）,未確認,未確認,candidate,10,企業公式IRページを確認,
1562,公式確認待ち銘柄（1562）,未確認,未確認,candidate,8,企業公式IRページを確認,
1563,公式確認待ち銘柄（1563）,未確認,未確認,candidate,9,企業公式IRページを確認,
1564,公式確認待ち銘柄（1564）,未確認,未確認,candidate,10,企業公式IRページを確認,
1565,公式確認待ち銘柄（1565）,未確認,未確認,candidate,8,企業公式IRページを確認,
1566,公式確認待ち銘柄（1566）,未確認,未確認,candidate,9,企業公式IRページを確認,
1567,公式確認待ち銘柄（1567）,未確認,未確認,candidate,10,企業公式IRページを確認,
1568,公式確認待ち銘柄（1568）,未確認,未確認,candidate,8,企業公式IRページを確認,
1569,公式確認待ち銘柄（1569）,未確認,未確認,candidate,9,企業公式IRページを確認,
1570,公式確認待ち銘柄（1570）,未確認,未確認,candidate,10,企業公式IRページを確認,
1571,公式確認待ち銘柄（1571）,未確認,未確認,candidate,8,企業公式IRページを確認,
1572,公式確認待ち銘柄（1572）,未確認,未確認,candidate,9,企業公式IRページを確認,
1573,公式確認待ち銘柄（1573）,未確認,未確認,candidate,10,企業公式IRページを確認,
1574,公式確認待ち銘柄（1574）,未確認,未確認,candidate,8,企業公式IRページを確認,
1575,公式確認待ち銘柄（1575）,未確認,未確認,candidate,9,企業公式IRページを確認,
1576,公式確認待ち銘柄（1576）,未確認,未確認,candidate,10,企業公式IRページを確認,
1577,公式確認待ち銘柄（1577）,未確認,未確認,candidate,8,企業公式IRページを確認,
1578,公式確認待ち銘柄（1578）,未確認,未確認,candidate,9,企業公式IRページを確認,
1579,公式確認待ち銘柄（1579）,未確認,未確認,candidate,10,企業公式IRページを確認,
1580,公式確認待ち銘柄（1580）,未確認,未確認,candidate,8,企業公式IRページを確認,
1581,公式確認待ち銘柄（1581）,未確認,未確認,candidate,9,企業公式IRページを確認,
1582,公式確認待ち銘柄（1582）,未確認,未確認,candidate,10,企業公式IRページを確認,
1583,公式確認待ち銘柄（1583）,未確認,未確認,candidate,8,企業公式IRページを確認,
1584,公式確認待ち銘柄（1584）,未確認,未確認,candidate,9,企業公式IRページを確認,
1585,公式確認待ち銘柄（1585）,未確認,未確認,candidate,10,企業公式IRページを確認,
1586,公式確認待ち銘柄（1586）,未確認,未確認,candidate,8,企業公式IRページを確認,
1587,公式確認待ち銘柄（1587）,未確認,未確認,candidate,9,企業公式IRページを確認,
1588,公式確認待ち銘柄（1588）,未確認,未確認,candidate,10,企業公式IRページを確認,
1589,公式確認待ち銘柄（1589）,未確認,未確認,candidate,8,企業公式IRページを確認,
1590,公式確認待ち銘柄（1590）,未確認,未確認,candidate,9,企業公式IRページを確認,
1591,公式確認待ち銘柄（1591）,未確認,未確認,candidate,10,企業公式IRページを確認,
1592,公式確認待ち銘柄（1592）,未確認,未確認,candidate,8,企業公式IRページを確認,
1593,公式確認待ち銘柄（1593）,未確認,未確認,candidate,9,企業公式IRページを確認,
1594,公式確認待ち銘柄（1594）,未確認,未確認,candidate,10,企業公式IRページを確認,
1595,公式確認待ち銘柄（1595）,未確認,未確認,candidate,8,企業公式IRページを確認,
1596,公式確認待ち銘柄（1596）,未確認,未確認,candidate,9,企業公式IRページを確認,
1597,公式確認待ち銘柄（1597）,未確認,未確認,candidate,10,企業公式IRページを確認,
1598,公式確認待ち銘柄（1598）,未確認,未確認,candidate,8,企業公式IRページを確認,
1599,公式確認待ち銘柄（1599）,未確認,未確認,candidate,9,企業公式IRページを確認,
1600,公式確認待ち銘柄（1600）,未確認,未確認,candidate,10,企業公式IRページを確認,
