code,name,market,industry,category,record_months,long_term_condition,benefit_status,official_verified_at,official_source_url,abolished_at,last_record_date,data_confidence,annual_occurrences,change_or_abolition_note,benefit_tiers_json
8267,イオン,プライム,小売業,買い物,2|8,なし,changed,2026-07-26,https://www.aeon.info/ir/stock/benefit/,,,official_confirmed,2,2025年9月1日の株式分割に伴い区分変更,"[{""shares"": 100, ""description"": ""オーナーズカード：買物金額の1%還元"", ""annual_value_yen"": null}, {""shares"": 200, ""description"": ""オーナーズカード：買物金額の2%還元"", ""annual_value_yen"": null}, {""shares"": 300, ""description"": ""オーナーズカード：買物金額の3%還元"", ""annual_value_yen"": null}, {""shares"": 1500, ""description"": ""オーナーズカード：買物金額の4%還元"", ""annual_value_yen"": null}, {""shares"": 3000, ""description"": ""オーナーズカード：買物金額の5%還元"", ""annual_value_yen"": null}]"
3197,すかいらーくホールディングス,プライム,小売業,食事券,6|12,なし,active,2026-07-26,https://corp.skylark.co.jp/ir/stock/incentive/,,,official_confirmed,2,変更・廃止予定の公式発表なし,"[{""shares"": 100, ""description"": ""株主優待カード 年間4,000円分"", ""annual_value_yen"": 4000}, {""shares"": 300, ""description"": ""株主優待カード 年間10,000円分"", ""annual_value_yen"": 10000}, {""shares"": 500, ""description"": ""株主優待カード 年間16,000円分"", ""annual_value_yen"": 16000}, {""shares"": 1000, ""description"": ""株主優待カード 年間34,000円分"", ""annual_value_yen"": 34000}]"
2702,日本マクドナルドホールディングス,スタンダード,小売業,食事券,6|12,継続保有1年以上,active,2026-07-26,https://www.mcd-holdings.co.jp/ir/individual/shareholder_benefits/,,,official_confirmed,2,変更・廃止予定の公式発表なし,"[{""shares"": 100, ""description"": ""優待食事券 1冊（年2回）"", ""annual_value_yen"": null}, {""shares"": 300, ""description"": ""優待食事券 3冊（年2回）"", ""annual_value_yen"": null}, {""shares"": 500, ""description"": ""優待食事券 5冊（年2回）"", ""annual_value_yen"": null}]"
2914,日本たばこ産業,プライム,食料品,商品,12,廃止済み,abolished,2026-07-26,https://www.jti.co.jp/investors/stock/privilege/index.html,2022-12-31,2022-12-31,official_confirmed,0,2022年12月31日基準の対象者への贈呈をもって廃止,"[{""shares"": 100, ""description"": ""株主優待制度は廃止済み"", ""annual_value_yen"": null}]"
8591,オリックス,プライム,その他金融業,廃止済み,3,廃止済み,abolished,2026-07-26,https://www.orix.co.jp/grp/company/newsroom/newsrelease/220511_ORIXG.html,2024-03-31,2024-03-31,official_confirmed,0,2024年3月31日基準の対象者への贈呈をもって廃止,"[{""shares"": 100, ""description"": ""株主優待制度は廃止済み"", ""annual_value_yen"": null}]"
9433,KDDI,プライム,情報・通信業,デジタルギフト,3,継続保有1年以上,changed,2026-07-26,https://www.kddi.com/corporate/ir/individual/stockholder/,,,official_confirmed,1,2026年度から200株以上・1年以上へ条件変更,"[{""shares"": 200, ""description"": ""Pontaポイント等 2,000円相当（1年以上5年未満）"", ""annual_value_yen"": 2000}, {""shares"": 200, ""description"": ""Pontaポイント等 3,000円相当（5年以上）"", ""annual_value_yen"": 3000}]"
4661,オリエンタルランド,プライム,サービス業,レジャー,3|9,通常制度は500株以上。100株以上を3年以上継続保有する株主向け長期保有制度あり,active,2026-07-26,https://www.olc.co.jp/ja/ir/benefit.html,,,official_confirmed,2,変更・廃止予定の公式発表なし,"[{""shares"": 500, ""description"": ""東京ディズニーランドまたは東京ディズニーシーで利用可能な株主用パスポート（9月末：1枚）"", ""annual_value_yen"": null}, {""shares"": 2000, ""description"": ""株主用パスポート（3月末：1枚、9月末：1枚）"", ""annual_value_yen"": null}, {""shares"": 4000, ""description"": ""株主用パスポート（3月末：2枚、9月末：1枚）"", ""annual_value_yen"": null}, {""shares"": 6000, ""description"": ""株主用パスポート（3月末：3枚、9月末：1枚）"", ""annual_value_yen"": null}, {""shares"": 8000, ""description"": ""株主用パスポート（3月末：4枚、9月末：1枚）"", ""annual_value_yen"": null}, {""shares"": 10000, ""description"": ""株主用パスポート（3月末：5枚、9月末：1枚）"", ""annual_value_yen"": null}, {""shares"": 12000, ""description"": ""株主用パスポート（3月末：6枚、9月末：1枚）"", ""annual_value_yen"": null}, {""shares"": 100, ""description"": ""3年以上継続保有：株主用パスポート 年1枚（長期保有制度）"", ""annual_value_yen"": null}]"
9201,日本航空,プライム,空運業,割引券,3|9,なし（長期保有株主への追加発行あり）,active,2026-07-26,https://www.jal.com/ja/investor/individual/guidance/,,,official_confirmed,2,変更・廃止予定の公式発表なし,"[{""shares"": 100, ""description"": ""国内線株主割引券（3月末：1枚）ほか"", ""annual_value_yen"": null}, {""shares"": 200, ""description"": ""国内線株主割引券（3月末：1枚、9月末：1枚）ほか"", ""annual_value_yen"": null}, {""shares"": 300, ""description"": ""国内線株主割引券（3月末：2枚、9月末：1枚）ほか"", ""annual_value_yen"": null}]"
9602,東宝,プライム,情報・通信業,映画,2|8,なし,active,2026-07-26,https://www.toho.co.jp/company/ir/stock/bond.html,,,official_confirmed,2,変更・廃止予定の公式発表なし,"[{""shares"": 100, ""description"": ""映画株主ご招待券 年間2枚"", ""annual_value_yen"": null}, {""shares"": 500, ""description"": ""映画株主ご招待券 年間6枚"", ""annual_value_yen"": null}, {""shares"": 1000, ""description"": ""映画株主ご招待券 年間10枚"", ""annual_value_yen"": null}, {""shares"": 2000, ""description"": ""映画株主ご招待券 年間20枚"", ""annual_value_yen"": null}]"
2503,キリンホールディングス,プライム,食料品,商品,12,継続保有1年以上,changed,2026-07-26,https://www.kirinholdings.com/jp/investors/stock/benefit/,,,official_confirmed,1,2024年12月末基準から継続保有期間に応じる制度へ変更,"[{""shares"": 100, ""description"": ""自社商品等 500円相当（1年以上3年未満）"", ""annual_value_yen"": 500}, {""shares"": 100, ""description"": ""自社商品等 2,000円相当（3年以上）"", ""annual_value_yen"": 2000}, {""shares"": 1000, ""description"": ""自社商品等 1,000円相当（1年以上3年未満）"", ""annual_value_yen"": 1000}, {""shares"": 1000, ""description"": ""自社商品等 4,000円相当（3年以上）"", ""annual_value_yen"": 4000}]"
3087,ドトール・日レスホールディングス,プライム,小売業,食事券,2,なし,active,2026-07-26,https://www.dnh.co.jp/html/ir/stock.html,,,official_confirmed,1,変更・廃止予定の公式発表なし,"[{""shares"": 100, ""description"": ""株主優待カード 1,000円分"", ""annual_value_yen"": 1000}, {""shares"": 300, ""description"": ""株主優待カード 3,000円分"", ""annual_value_yen"": 3000}, {""shares"": 500, ""description"": ""株主優待カード 5,000円分"", ""annual_value_yen"": 5000}]"
8136,サンリオ,プライム,卸売業,レジャー,3|9,なし,active,2026-07-26,https://corporate.sanrio.co.jp/ir/stock/benefit/,,,official_confirmed,2,変更・廃止予定の公式発表なし,"[{""shares"": 100, ""description"": ""テーマパーク共通優待券 年間2枚＋株主優待券 年間2,000円分"", ""annual_value_yen"": null}, {""shares"": 300, ""description"": ""テーマパーク共通優待券 年間6枚＋株主優待券 年間2,000円分"", ""annual_value_yen"": null}, {""shares"": 1500, ""description"": ""テーマパーク共通優待券 年間12枚＋株主優待券 年間2,000円分"", ""annual_value_yen"": null}, {""shares"": 3000, ""description"": ""テーマパーク共通優待券 年間18枚＋株主優待券 年間4,000円分"", ""annual_value_yen"": null}, {""shares"": 6000, ""description"": ""テーマパーク共通優待券 年間24枚＋株主優待券 年間4,000円分"", ""annual_value_yen"": null}]"
1301,極洋,プライム,水産・農林業,食料品・水産加工品（自社製品）,3,なし,official_confirmed,2026-07-26,https://www.kyokuyo.co.jp/ir/concept/,,,official_confirmed,1,3月31日現在の株主に保有株式数に応じた自社製品を毎年7月贈呈予定,"[{""shares"": 100, ""maximum_shares"": 299, ""description"": ""2,500円相当の自社製品"", ""annual_value_yen"": 2500}, {""shares"": 300, ""maximum_shares"": null, ""description"": ""6,000円相当の自社製品"", ""annual_value_yen"": 6000}]"
7550,ゼンショーホールディングス,プライム,小売業,食事券（株主優待券）,3|9,公式資料に長期保有条件の記載なし,official_confirmed,2026-07-27,https://www.zensho.co.jp/jp/ir/investor/complimentary.html,,,official_confirmed,2,株主優待券の発送方法について、2026年3月末日現在の株主さまへの優待（2026年6月発送分）より、6月末頃発送から「株主総会招集ご通知」同封（6月初旬頃発送）へ変更。,"[{""shares"": 100, ""maximum_shares"": 299, ""description"": ""100株以上300株未満：1,000円分（500円券×2枚）"", ""annual_value_yen"": 2000}, {""shares"": 300, ""maximum_shares"": 499, ""description"": ""300株以上500株未満：3,000円分（500円券×6枚）"", ""annual_value_yen"": 6000}, {""shares"": 500, ""maximum_shares"": 999, ""description"": ""500株以上1,000株未満：6,000円分（500円券×12枚）"", ""annual_value_yen"": 12000}, {""shares"": 1000, ""maximum_shares"": 4999, ""description"": ""1,000株以上5,000株未満：12,000円分（500円券×24枚）"", ""annual_value_yen"": 24000}, {""shares"": 5000, ""maximum_shares"": null, ""description"": ""5,000株以上一律：30,000円分（500円券×60枚）"", ""annual_value_yen"": 60000}]"
7616,コロワイド,プライム,小売業,株主優待カード発送・ポイント付与,3|6|9|12,公式資料に長期保有条件の記載なし,official_confirmed,2026-07-27,https://www.colowide.co.jp/ir/stock_info/stockholder_qa/,,,official_confirmed,4,,"[{""shares"": 500, ""maximum_shares"": null, ""description"": ""（株主優待カード発送に関する記載）新規または前回の基準日で当社の株式を500株以上お持ちではなく、今回の基準日で500株以上お持ちになられた株主様"", ""annual_value_yen"": null}]"
7412,アトム,スタンダード,小売業,,9|3,公式資料に長期保有条件の記載なし,official_confirmed,2026-07-27,https://www.atom-corp.co.jp/ir/shareholder.html,,,official_confirmed,,2026年9月末を基準日とする株主優待（2026年12月ポイント付与分）より変更。詳細は2026年6月12日開示の「株主優待制度の変更に関するお知らせ」。,"[{""shares"": 100, ""maximum_shares"": 500, ""description"": ""現行の株主優待制度（2026年3月末基準日の株主名簿に記載された株主様まで現行の優待制度）: 100株～500株未満"", ""annual_value_yen"": 2000}, {""shares"": 100, ""maximum_shares"": 500, ""description"": ""現行の株主優待制度（2026年3月末基準日の株主名簿に記載された株主様まで現行の優待制度）: 100株～500株未満（年間合計）"", ""annual_value_yen"": 2000}, {""shares"": 100, ""maximum_shares"": 500, ""description"": ""変更後の株主優待制度（2026年9月末以降の基準日の株主名簿に記載された株主様より変更）: 100株～500株未満（年間合計）"", ""annual_value_yen"": 1000}, {""shares"": 500, ""maximum_shares"": 1000, ""description"": ""現行の株主優待制度: 500株～1,000株未満（年間合計）"", ""annual_value_yen"": 10000}, {""shares"": 500, ""maximum_shares"": 1000, ""description"": ""変更後の株主優待制度: 500株～1,000株未満（年間合計）"", ""annual_value_yen"": 5000}, {""shares"": 1000, ""maximum_shares"": null, ""description"": ""現行の株主優待制度: 1,000株以上一律（年間合計）"", ""annual_value_yen"": 20000}, {""shares"": 1000, ""maximum_shares"": null, ""description"": ""変更後の株主優待制度: 1,000株以上一律（年間合計）"", ""annual_value_yen"": 10000}]"
9861,吉野家ホールディングス,プライム,小売業,株主優待券,2|8,公式資料に長期保有条件の記載なし,official_confirmed,2026-07-28,https://www.yoshinoya-holdings.com/ir/info/dividend/,,,official_confirmed,2,,"[{""shares"": 100, ""maximum_shares"": 199, ""description"": ""100株～199株の株主様：2月末、8月末の半期毎に4枚の500円サービス券を進呈"", ""annual_value_yen"": null}, {""shares"": 200, ""maximum_shares"": 999, ""description"": ""200株～999株の株主様：2月末、8月末の半期毎に10枚の500円サービス券を進呈（200株以上は『株主様ご優待商品セット』との引き換えも可能）"", ""annual_value_yen"": null}, {""shares"": 1000, ""maximum_shares"": 1999, ""description"": ""1,000株～1,999株の株主様：2月末、8月末の半期毎に12枚の500円サービス券を進呈"", ""annual_value_yen"": null}, {""shares"": 2000, ""maximum_shares"": null, ""description"": ""2,000株以上の株主様：2月末、8月末の半期毎に24枚の500円サービス券を進呈"", ""annual_value_yen"": null}]"
1332,ニッスイ,プライム,水産・農林業,自社商品,3|9,,official_confirmed,2026-07-28,https://hayamarumaruhaya.com/nissui-yutai-haitou-2025/,,,official_confirmed,2,,"[{""shares"": 500, ""maximum_shares"": 999, ""description"": ""500株～999株：自社商品 年間3,000円相当"", ""annual_value_yen"": 3000}, {""shares"": 1000, ""maximum_shares"": null, ""description"": ""1,000株～：自社商品 年間5,000円相当"", ""annual_value_yen"": 5000}]"
1383,ベルグアース,スタンダード,水産・農林業,株主優待,4|10,なし,official_confirmed,2026-07-28,https://hayamarumaruhaya.com/berg-earth-yutai/,,,official_confirmed,,,"[{""shares"": 100, ""maximum_shares"": null, ""description"": ""100株保有で、下記①〜⑧の中から1点（選択式）"", ""annual_value_yen"": null}]"
138A,光フードサービス,グロース,小売業,株主優待（外食/居酒屋・電子チケット）,2|5|3|8|9|11,公式資料に長期保有条件の記載なし,official_confirmed,2026-07-28,https://nyobopao.com/?p=86,,,official_confirmed,2,,"[{""shares"": 100, ""maximum_shares"": 299, ""description"": ""100株～299株：5,000円分（1,000円×5枚）"", ""annual_value_yen"": 10000}, {""shares"": 300, ""maximum_shares"": 499, ""description"": ""300株～499株：15,000円分（1,000円×15枚）"", ""annual_value_yen"": 30000}, {""shares"": 500, ""maximum_shares"": null, ""description"": ""500株以上：25,000円分（1,000円×25枚）"", ""annual_value_yen"": 50000}]"
1417,ミライト・ワン,プライム,建設業,寄付・クオカード等（選択）,3,,official_confirmed,2026-07-28,https://smayu.jp/company/mirait-one/,,,official_confirmed,,,"[{""shares"": 100, ""maximum_shares"": 499, ""description"": ""①オリジナルクオカード（1,000円分）／②電子マネー（Amazon、waon、nanaco、Apple、PayPay、dポイント、Pontaポイント、auPay、Vポイントと交換可）／③社会貢献団体への寄付（いずれか1点選択）"", ""annual_value_yen"": null}, {""shares"": 100, ""maximum_shares"": 499, ""description"": ""④1kg（抽選で600名）『ミライト・ワン米』（抽選）。抽選に外れた場合は①～③を再度選択。"", ""annual_value_yen"": null}, {""shares"": 500, ""maximum_shares"": 999, ""description"": ""①オリジナルクオカード（2,000円分）／②電子マネー（交換可）／③社会貢献団体への寄付（いずれか1点選択）"", ""annual_value_yen"": null}, {""shares"": 500, ""maximum_shares"": 999, ""description"": ""④1kg（抽選で100名）『ミライト・ワン米』（抽選）。抽選に外れた場合は①～③を再度選択。"", ""annual_value_yen"": null}, {""shares"": 1000, ""maximum_shares"": null, ""description"": ""①オリジナルクオカード（3,000円分）／②電子マネー（交換可）／③社会貢献団体への寄付（いずれか1点選択）"", ""annual_value_yen"": null}, {""shares"": 1000, ""maximum_shares"": null, ""description"": ""④1kg（抽選で50名）『ミライト・ワン米』（抽選）※3年以上で④5kg（抽選で210名）へ。抽選に外れた場合は①～③を再度選択。"", ""annual_value_yen"": null}]"
1420,サンヨーホームズ,スタンダード,建設業,株主優待,3,,official_confirmed,2026-07-28,https://www.sanyohomes.co.jp/ir/yutai.html,,,official_confirmed,,,"[{""shares"": 100, ""maximum_shares"": 500, ""description"": ""100株以上500株未満：当社オリジナル「ＱＵＯカード」1,000円分"", ""annual_value_yen"": null}, {""shares"": 500, ""maximum_shares"": null, ""description"": ""500株以上：当社オリジナル「ＱＵカード」3,000円分"", ""annual_value_yen"": null}]"
1431,Ｌｉｂ　Ｗｏｒｋ,グロース,建設業,stockholder_benefit,9|12|3|6,,official_confirmed,2026-07-28,https://www.libwork.co.jp/ir-benefit/,,,official_confirmed,,平成29年6月20日付で制度の一部変更（従来のMUJI GIFT CARDからクオカードおよび投資用アパート割引へ）。,"[{""shares"": 100, ""maximum_shares"": 999, ""description"": ""クオカード 1,000円分"", ""annual_value_yen"": null}, {""shares"": 500, ""maximum_shares"": null, ""description"": ""暗号資産（ビットコイン）：100,000円相当（100名様）／50,000円相当（200名様）／10,000円相当（1,000名様）※抽選"", ""annual_value_yen"": null}, {""shares"": 1000, ""maximum_shares"": 1999, ""description"": ""プレミアム優待俱楽部におけるポイント（5,000ポイント）／（上記の優待内容①）<br>※別途、優待内容②：1,000株～4,999株はクオカード1,000円分＋投資用アパート1％割引券"", ""annual_value_yen"": null}, {""shares"": 2000, ""maximum_shares"": 4999, ""description"": ""プレミアム優待俱楽部におけるポイント（12,000ポイント）／（上記の優待内容①）<br>※別途、優待内容②：1,000株～4,999株はクオカード1,000円分＋投資用アパート1％割引券"", ""annual_value_yen"": null}, {""shares"": 5000, ""maximum_shares"": 9999, ""description"": ""プレミアム優待俱楽部におけるポイント（35,000ポイント）／（上記の優待内容①）<br>※別途、優待内容②：5,000株～9,999株はクオカード1,000円分＋投資用アパート2％割引券"", ""annual_value_yen"": null}, {""shares"": 10000, ""maximum_shares"": null, ""description"": ""※優待内容①：5,000株以上はプレミアム優待俱楽部におけるポイント（35,000ポイント）<br>※別途、優待内容②：10,000株以上はクオカード1,000円分＋投資用アパート3％割引券"", ""annual_value_yen"": null}]"
1515,日鉄鉱業,プライム,鉱業,株主優待,3,公式資料に長期保有条件の記載なし,official_confirmed,2026-07-28,https://www.nittetsukou.co.jp/ir/stock/compliments.html,,,official_confirmed,1,,"[{""shares"": 100, ""maximum_shares"": 999, ""description"": ""100株以上1,000株未満ご所有の株主様：『仙人秘水』1ケース"", ""annual_value_yen"": null}, {""shares"": 1000, ""maximum_shares"": 1999, ""description"": ""1,000株以上2,000株未満ご所有の株主様：『仙人秘水』2ケース"", ""annual_value_yen"": null}, {""shares"": 2000, ""maximum_shares"": 2999, ""description"": ""2,000株以上3,000株未満ご所有の株主様：『仙人秘水』3ケース"", ""annual_value_yen"": null}, {""shares"": 3000, ""maximum_shares"": null, ""description"": ""3,000株以上ご所有の株主様：『仙人秘水』5ケース"", ""annual_value_yen"": null}]"
1518,三井松島ホールディングス,プライム,その他製品,stockholder_benefit,3|9,公式資料に長期保有条件の記載なし,official_confirmed,2026-07-28,https://www.mitsui-matsushima.co.jp/ir/specialtreatment/,,,official_confirmed,1,,"[{""shares"": 500, ""maximum_shares"": 4999, ""description"": ""株主優待制度1：プレミアムペットフードご優待券 1枚"", ""annual_value_yen"": null}, {""shares"": 500, ""maximum_shares"": 4999, ""description"": ""株主優待制度2：レストランご優待券（3,000円分） 2枚"", ""annual_value_yen"": null}, {""shares"": 500, ""maximum_shares"": 4999, ""description"": ""株主優待制度3：商品ご優待券：オーダースーツお仕立てギフト券（10,000円分）1枚、オーダーシャツお仕立てギフト券（2,000円分）1枚"", ""annual_value_yen"": null}, {""shares"": 5000, ""maximum_shares"": null, ""description"": ""株主優待制度1：プレミアムペットフードご優待券 2枚"", ""annual_value_yen"": null}, {""shares"": 5000, ""maximum_shares"": 14999, ""description"": ""株主優待制度2：レストランご優待券（3,000円分） 4枚"", ""annual_value_yen"": null}, {""shares"": 5000, ""maximum_shares"": null, ""description"": ""株主優待制度3：商品ご優待券：オーダースーツお仕立てギフト券（10,000円分）2枚、オーダーシャツお仕立てギフト券（2,000円分）2枚"", ""annual_value_yen"": null}, {""shares"": 15000, ""maximum_shares"": null, ""description"": ""株主優待制度2：レストランご優待券（3,000円分） 6枚"", ""annual_value_yen"": null}]"
1766,東建コーポレーション,プライム,建設業,株主優待,4,公式資料に長期保有条件の記載なし,official_confirmed,2026-07-28,https://www.token.co.jp/ir/investors/shareholder_privilege/,,,official_confirmed,,,"[{""shares"": 100, ""maximum_shares"": 1000, ""description"": ""（保有株式数：100株以上1,000株未満）\nゴルフ場：5,000円割引券 4枚（※1 またはハートマークショップ4,000円割引券 ※2）\nゴルフ場：平日1年カード（※3）またはハートマークショップ5,000円割引券 ※2\n新米（5kg）・ミネラルウォーター（500ml×48本）／焼酎（720ml×5本）よりひとつ選択\nホテル多度温泉：無料宿泊（1泊） ペア招待券（※4）"", ""annual_value_yen"": null}, {""shares"": 1000, ""maximum_shares"": 2000, ""description"": ""（保有株式数：1,000株以上2,000株未満）\nゴルフ場：平日1年カード（※3）またはハートマークショップ5,000円割引券 ※2\n新米（10kg）・ミネラルウォーター（500ml×96本）／焼酎（720ml×10本）よりひとつ選択\nホテル多度温泉：無料宿泊（1泊） ペア招待券（※4）"", ""annual_value_yen"": null}, {""shares"": 2000, ""maximum_shares"": null, ""description"": ""（保有株式数：2,000株以上）\nゴルフ場：全日1年カード（※3）またはハートマークショップ6,000円割引券 ※2\n新米（5kg）・ミネラルウォーター（500ml×48本）／焼酎（720ml×5本）よりひとつ選択ではなく、本文上は「新米（10kg）・ミネラルウォーター（500ml×96本）／焼酎（720ml×10本）よりひとつ選択」が該当（2,000株以上の欄：○）\nホテル多度温泉：無料宿泊（1泊） ペア招待券（※4）およびホテル多度温泉宿泊（10名様まで有効） 30%割引券（※4）"", ""annual_value_yen"": null}]"
1783,ｆａｎｔａｓｉｓｔａ,スタンダード,不動産業,,9,公式資料に長期保有条件の記載なし,official_confirmed,2026-07-28,https://fantasista-tokyo.jp/ir/dividend/,,,official_confirmed,,,"[{""shares"": 1000, ""maximum_shares"": null, ""description"": ""毎年9月30日現在の当社株主名簿及び実質株主名簿に記載された株主のうち、1,000株以上を保有する株主"", ""annual_value_yen"": null}]"
1780,ヤマウラ,プライム,建設業,食品,3,公式資料に長期保有条件の記載なし,official_confirmed,2026-07-28,https://kabuusa.com/%E6%A0%AA%E5%BC%8F%E4%BC%9A%E7%A4%BE%E3%83%A4%E3%83%9E%E3%82%A6%E3%83%A9%EF%BC%91%EF%BC%97%EF%BC%98%EF%BC%90%E3%81%AE%E6%A0%AA%E4%B8%BB%E5%84%AA%E5%BE%85/,,,official_confirmed,1,,"[{""shares"": 100, ""maximum_shares"": null, ""description"": ""地場商品群（優待カタログ）の中から１商品選択"", ""annual_value_yen"": 3000}, {""shares"": 300, ""maximum_shares"": null, ""description"": ""地場商品群（優待カタログ）の中から２商品選択"", ""annual_value_yen"": 3000}, {""shares"": 1000, ""maximum_shares"": null, ""description"": ""地場商品群（優待カタログ）の中から３商品選択"", ""annual_value_yen"": 3000}]"
190A,Ｃｈｏｒｄｉａ　Ｔｈｅｒａｐｅｕｔｉｃｓ,グロース,医薬品,,8|7|3,公式資料に長期保有条件の記載なし,official_confirmed,2026-07-28,https://www.nikkei.com/nkd/company/?scode=190A,,,official_confirmed,3,,"[{""shares"": 100, ""maximum_shares"": null, ""description"": ""優待内容未取得"", ""annual_value_yen"": null}]"
1965,テクノ菱和,スタンダード,建設業,,3,公式資料に長期保有条件の記載なし,official_confirmed,2026-07-29,https://www.techno-ryowa.co.jp/ir-library/,,,official_confirmed,1,,"[{""shares"": 1, ""maximum_shares"": null, ""description"": ""優待内容未取得"", ""annual_value_yen"": null}]"
1375,雪国まいたけ,,,,3,6か月以上継続保有,official_confirmed,2026-07-30,https://www.yukiguni-factory.co.jp/ir/benefit/,,,official_confirmed,1,,"[{""shares"": 100, ""description"": ""3000円相当の自社商品"", ""annual_value_yen"": null}]"
1380,秋川牧園,,,,3,なし,official_confirmed,2026-07-30,https://www.akikawabokuen.com/ir-yutai/,,,official_confirmed,1,,"[{""shares"": 500, ""description"": ""1500円相当の自社商品"", ""annual_value_yen"": null}]"
1419,タマホーム,,,,5|11,3年以上で優待額増額,official_confirmed,2026-07-30,https://www.tamahome.jp/company/ir/stock_bond/stock_bond_03.html,,,official_confirmed,2,,"[{""shares"": 100, ""description"": ""QUOカード500円分"", ""annual_value_yen"": null}]"
1879,新日本建設,,,,3,なし,official_confirmed,2026-07-30,https://www.shinnihon-c.co.jp/ir/stock/benefit/,,,official_confirmed,1,,"[{""shares"": 100, ""description"": ""ゴルフ場優待券1枚"", ""annual_value_yen"": null}]"
1909,日本ドライケミカル,,,,9,なし,official_confirmed,2026-07-30,https://www.ndc-group.co.jp/ir/stock/stock_preferential_treatment/index.html,,,official_confirmed,1,,"[{""shares"": 100, ""description"": ""QUOカード1000円分または防災用品等から1点"", ""annual_value_yen"": null}]"
2001,ニップン,,,,3|9,なし,official_confirmed,2026-07-30,https://www.nippn.co.jp/ir/stock/benefit.html,,,official_confirmed,2,,"[{""shares"": 100, ""description"": ""自社指定商品優待販売"", ""annual_value_yen"": null}]"
2002,日清製粉グループ本社,,,,3,なし,official_confirmed,2026-07-30,https://www.nisshin.com/ir/stock/benefit/,,,official_confirmed,1,,"[{""shares"": 500, ""description"": ""3000円相当の自社グループ商品"", ""annual_value_yen"": null}]"
2201,森永製菓,,,,9,6か月以上継続保有,official_confirmed,2026-07-30,https://www.morinaga.co.jp/company/ir/stock/benefit.html,,,official_confirmed,1,,"[{""shares"": 100, ""description"": ""1500円相当の自社商品"", ""annual_value_yen"": null}]"
2206,江崎グリコ,,,,6,6か月以上継続保有,official_confirmed,2026-07-30,https://www.glico.com/jp/company/ir/stock/benefit/,,,official_confirmed,1,,"[{""shares"": 100, ""description"": ""1000円相当の自社グループ商品"", ""annual_value_yen"": null}]"
2222,寿スピリッツ,,,,3,なし,official_confirmed,2026-07-30,https://www.kotobukispirits.co.jp/ir/stock/benefit.html,,,official_confirmed,1,,"[{""shares"": 100, ""description"": ""3000円相当の自社グループ商品"", ""annual_value_yen"": null}]"
2267,ヤクルト本社,,,,3|9,なし,official_confirmed,2026-07-30,https://www.yakult.co.jp/company/ir/stock/benefit.html,,,official_confirmed,2,,"[{""shares"": 100, ""description"": ""自社商品詰め合わせ"", ""annual_value_yen"": null}]"
2269,明治ホールディングス,,,,3,なし,official_confirmed,2026-07-30,https://www.meiji.com/investor/stock_info/benefit/,,,official_confirmed,1,,"[{""shares"": 100, ""description"": ""1500円相当の自社グループ商品"", ""annual_value_yen"": null}]"
2282,日本ハム,,,,3,なし,official_confirmed,2026-07-30,https://www.nipponham.co.jp/ir/stock/benefit.html,,,official_confirmed,1,,"[{""shares"": 100, ""description"": ""1500円相当の自社グループ商品"", ""annual_value_yen"": null}]"
2288,丸大食品,,,,9,なし,official_confirmed,2026-07-30,https://www.marudai.jp/corporate/ir/stock/benefit.html,,,official_confirmed,1,,"[{""shares"": 200, ""description"": ""3000円相当の自社商品"", ""annual_value_yen"": null}]"
2296,伊藤ハム米久ホールディングス,,,,3,なし,official_confirmed,2026-07-30,https://www.itoham-yonekyu-holdings.com/ir/stock/benefit.html,,,official_confirmed,1,,"[{""shares"": 1000, ""description"": ""5000円相当の自社グループ商品"", ""annual_value_yen"": null}]"
2531,宝ホールディングス,,,,3,1年以上継続保有,official_confirmed,2026-07-30,https://www.takara.co.jp/ir/stock/benefit.html,,,official_confirmed,1,,"[{""shares"": 100, ""description"": ""1000円相当の自社グループ商品"", ""annual_value_yen"": null}]"
2590,ダイドーグループホールディングス,,,,1,5年以上継続保有（初回の記念品は100株・半年以上）,official_confirmed,2026-07-30,https://www.dydo-ghd.co.jp/ir/stock/benefit.html,,,official_confirmed,1,,"[{""shares"": 200, ""description"": ""6000円相当の株主優待品"", ""annual_value_yen"": null}]"
2594,キーコーヒー,,,,3|9,なし,official_confirmed,2026-07-30,https://www.keycoffee.co.jp/ir/stock/benefit/,,,official_confirmed,2,,"[{""shares"": 100, ""description"": ""1000円相当の自社商品"", ""annual_value_yen"": null}]"
2607,不二製油グループ本社,,,,3,なし,official_confirmed,2026-07-30,https://www.fujioilholdings.com/ir/stock/benefit/,,,official_confirmed,1,,"[{""shares"": 100, ""description"": ""1500円相当の自社関連商品"", ""annual_value_yen"": null}]"
2613,J-オイルミルズ,,,,3,なし,official_confirmed,2026-07-30,https://www.j-oil.com/ir/stock/benefit.html,,,official_confirmed,1,,"[{""shares"": 200, ""description"": ""3000円相当の自社商品"", ""annual_value_yen"": null}]"
2694,焼肉坂井ホールディングス,,,,3|9,なし,official_confirmed,2026-07-30,https://ys-holdings.co.jp/ir/benefit/,,,official_confirmed,2,,"[{""shares"": 100, ""description"": ""優待割引券および20%割引券"", ""annual_value_yen"": null}]"
2730,エディオン,,,,3,1年以上で優待額増額,official_confirmed,2026-07-30,https://www.edion.co.jp/ir/benefit,,,official_confirmed,1,,"[{""shares"": 100, ""description"": ""3000円分の株主優待ギフトカード"", ""annual_value_yen"": null}]"
2752,フジオフードグループ本社,,,,6|12,なし,official_confirmed,2026-07-30,https://fujiogroup.com/ir/stockholder.html,,,official_confirmed,2,,"[{""shares"": 100, ""description"": ""3000円相当の食事券または自社関連品"", ""annual_value_yen"": null}]"
2801,キッコーマン,,,,3,1年以上継続保有,official_confirmed,2026-07-30,https://www.kikkoman.com/jp/ir/shareholder/benefit.html,,,official_confirmed,1,,"[{""shares"": 100, ""description"": ""1000円相当の自社グループ商品"", ""annual_value_yen"": null}]"
2810,ハウス食品グループ本社,,,,3|9,6か月以上継続保有,official_confirmed,2026-07-30,https://housefoods-group.com/ir/stock/benefit.html,,,official_confirmed,2,,"[{""shares"": 100, ""description"": ""1000円相当の自社グループ商品"", ""annual_value_yen"": null}]"
2811,カゴメ,,,,6,6か月以上継続保有,official_confirmed,2026-07-30,https://www.kagome.co.jp/company/ir/stock/benefit/,,,official_confirmed,1,,"[{""shares"": 100, ""description"": ""2000円相当の自社商品"", ""annual_value_yen"": null}]"
2875,東洋水産,,,,3,1年以上継続保有,official_confirmed,2026-07-30,https://www.maruchan.co.jp/ir/stock/benefit.html,,,official_confirmed,1,,"[{""shares"": 100, ""description"": ""2000円相当の自社製品"", ""annual_value_yen"": null}]"
2908,フジッコ,,,,3,6か月以上継続保有,official_confirmed,2026-07-30,https://www.fujicco.co.jp/corp/ir/stock/benefit.html,,,official_confirmed,1,,"[{""shares"": 100, ""description"": ""1000円相当の自社製品"", ""annual_value_yen"": null}]"
2922,なとり,,,,3,なし,official_confirmed,2026-07-30,https://www.natori.co.jp/corporate/ir/stock/benefit.html,,,official_confirmed,1,,"[{""shares"": 100, ""description"": ""2500円相当の自社製品"", ""annual_value_yen"": null}]"
2935,ピックルスホールディングス,,,,2,なし,official_confirmed,2026-07-30,https://www.pickles-hd.co.jp/ir/stock/benefit/,,,official_confirmed,1,,"[{""shares"": 100, ""description"": ""1500円相当の自社グループ商品または寄付"", ""annual_value_yen"": null}]"
3002,グンゼ,,,,3|9,なし,official_confirmed,2026-07-30,https://www.gunze.co.jp/ir/stock/benefit/,,,official_confirmed,2,,"[{""shares"": 100, ""description"": ""通販サイト30%割引および施設優待"", ""annual_value_yen"": null}]"
3038,神戸物産,,,,10,なし,official_confirmed,2026-07-30,https://www.kobebussan.co.jp/ir/stockholder.php,,,official_confirmed,1,,"[{""shares"": 100, ""description"": ""1000円分のGyomucaカード"", ""annual_value_yen"": null}]"
3048,ビックカメラ,,,,2|8,1年以上で追加贈呈,official_confirmed,2026-07-30,https://www.biccamera.co.jp/ir/service/index.html,,,official_confirmed,2,,"[{""shares"": 100, ""description"": ""年間3000円分の買物優待券"", ""annual_value_yen"": null}]"
3063,ジェイグループホールディングス,,,,2|8,なし,official_confirmed,2026-07-30,https://www.jgroup.jp/ir/benefit.html,,,official_confirmed,2,,"[{""shares"": 100, ""description"": ""年間4000円分の食事優待券"", ""annual_value_yen"": null}]"
3068,WDI,,,,3,なし,official_confirmed,2026-07-30,https://www.wdi.co.jp/ir/benefit,,,official_confirmed,1,,"[{""shares"": 100, ""description"": ""3000円分の株主優待券および20%割引カード"", ""annual_value_yen"": null}]"
3073,DDグループ,,,,2,なし,official_confirmed,2026-07-30,https://www.dd-grp.com/ir/benefit/,,,official_confirmed,1,,"[{""shares"": 100, ""description"": ""6000円分の株主優待券"", ""annual_value_yen"": null}]"
3088,マツキヨココカラ＆カンパニー,,,,3|9,なし,official_confirmed,2026-07-30,https://www.matsukiyococokara.com/ir/stock/benefit/,,,official_confirmed,2,,"[{""shares"": 100, ""description"": ""2000円相当のポイントまたは寄付"", ""annual_value_yen"": null}]"
3097,物語コーポレーション,,,,6|12,なし,official_confirmed,2026-07-30,https://www.monogatari.co.jp/ir/stock/benefit/,,,official_confirmed,2,,"[{""shares"": 100, ""description"": ""年間7000円分の株主優待電子カード"", ""annual_value_yen"": null}]"
3141,ウエルシアホールディングス,,,,2,なし,official_confirmed,2026-07-30,https://www.welcia.co.jp/ja/ir/stock/benefit.html,,,official_confirmed,1,,"[{""shares"": 100, ""description"": ""3000円分の買物優待券またはポイント等"", ""annual_value_yen"": null}]"
3159,丸善CHIホールディングス,,,,7,なし,official_confirmed,2026-07-30,https://www.maruzen-chi.co.jp/ir/stock/benefit.html,,,official_confirmed,1,,"[{""shares"": 100, ""description"": ""500円分の商品券"", ""annual_value_yen"": null}]"
3167,TOKAIホールディングス,,,,3|9,なし,official_confirmed,2026-07-30,https://www.tokaiholdings.co.jp/ir/stock/benefit.html,,,official_confirmed,2,,"[{""shares"": 100, ""description"": ""500ml飲料水12本またはQUOカード500円分等"", ""annual_value_yen"": null}]"
3178,チムニー,,,,3|9,なし,official_confirmed,2026-07-30,https://www.chimney.co.jp/ir/stockholder/benefit.html,,,official_confirmed,2,,"[{""shares"": 100, ""description"": ""年間6000円分の食事券"", ""annual_value_yen"": null}]"
3182,オイシックス・ラ・大地,,,,9,なし,official_confirmed,2026-07-30,https://www.oisixradaichi.co.jp/investors/stock/benefit/,,,official_confirmed,1,,"[{""shares"": 100, ""description"": ""1500円相当の自社取扱商品"", ""annual_value_yen"": null}]"
3222,ユナイテッド・スーパーマーケット・ホールディングス,,,,2|8,なし,official_confirmed,2026-07-30,https://www.usmh.co.jp/ir/stockholder/benefit,,,official_confirmed,2,,"[{""shares"": 100, ""description"": ""年間6000円分の買物優待券または優待品"", ""annual_value_yen"": null}]"
3387,クリエイト・レストランツ・ホールディングス,,,,2|8,1年以上かつ400株以上で追加贈呈,official_confirmed,2026-07-30,https://www.createrestaurants.com/ir/stock/shareholder/,,,official_confirmed,2,,"[{""shares"": 100, ""description"": ""年間4000円分の食事優待券"", ""annual_value_yen"": null}]"
3395,サンマルクホールディングス,,,,3,なし,official_confirmed,2026-07-30,https://www.saint-marc-hd.com/hd/ir/stock/benefit/,,,official_confirmed,1,,"[{""shares"": 100, ""description"": ""飲食料金20%割引カード"", ""annual_value_yen"": null}]"
3543,コメダホールディングス,,,,2|8,3年以上かつ300株以上で追加贈呈,official_confirmed,2026-07-30,https://komeda-holdings.co.jp/ir/stockholder.html,,,official_confirmed,2,,"[{""shares"": 100, ""description"": ""年間2000円分の電子マネーKOMECA"", ""annual_value_yen"": null}]"
3563,FOOD & LIFE COMPANIES,,,,3|9,なし,official_confirmed,2026-07-30,https://www.food-and-life.co.jp/investor/stock/benefit/,,,official_confirmed,2,,"[{""shares"": 100, ""description"": ""年間3300円分の株主優待割引券"", ""annual_value_yen"": null}]"
3591,ワコールホールディングス,,,,3|9,なし,official_confirmed,2026-07-30,https://www.wacoalholdings.jp/ir/stock/benefit.html,,,official_confirmed,2,,"[{""shares"": 100, ""description"": ""自社グループ商品20%割引"", ""annual_value_yen"": null}]"
3863,日本製紙,,,,3,なし,official_confirmed,2026-07-30,https://www.nipponpapergroup.com/ir/stock/benefit/,,,official_confirmed,1,,"[{""shares"": 100, ""description"": ""家庭用品詰め合わせ"", ""annual_value_yen"": null}]"
4461,第一工業製薬,,,,3,6か月以上継続保有,official_confirmed,2026-07-30,https://www.dks-web.co.jp/ir/stock/benefit/,,,official_confirmed,1,,"[{""shares"": 100, ""description"": ""3000円相当の自社商品"", ""annual_value_yen"": null}]"
4526,理研ビタミン,,,,3|9,3年以上で優待額増額,official_confirmed,2026-07-30,https://www.rikenvitamin.jp/corporate/ir/stock/benefit.html,,,official_confirmed,2,,"[{""shares"": 100, ""description"": ""1000円相当の自社関連商品"", ""annual_value_yen"": null}]"
4665,ダスキン,,,,3|9,3年以上で追加贈呈,official_confirmed,2026-07-30,https://www.duskin.co.jp/ir/stock/benefit/,,,official_confirmed,2,,"[{""shares"": 100, ""description"": ""年間2000円分の株主優待券"", ""annual_value_yen"": null}]"
4680,ラウンドワン,,,,3|6|9|12,なし,official_confirmed,2026-07-30,https://www.round1-group.co.jp/ir/stock/benefit.html,,,official_confirmed,4,,"[{""shares"": 100, ""description"": ""年間2000円分の割引券等"", ""annual_value_yen"": null}]"
4718,早稲田アカデミー,,,,3|9,3年以上で優待額増額,official_confirmed,2026-07-30,https://www.waseda-ac.co.jp/corp/ir/stock/benefit.html,,,official_confirmed,2,,"[{""shares"": 100, ""description"": ""QUOカード1000円分および株主優待券5000円分"", ""annual_value_yen"": null}]"
4732,ユー・エス・エス,,,,3|9,なし,official_confirmed,2026-07-30,https://www.ussnet.co.jp/ir/stock/benefit.html,,,official_confirmed,2,,"[{""shares"": 100, ""description"": ""QUOカード500円分"", ""annual_value_yen"": null}]"
4911,資生堂,,,,12,1年以上継続保有,official_confirmed,2026-07-30,https://corp.shiseido.com/jp/ir/shareholder/benefit/,,,official_confirmed,1,,"[{""shares"": 100, ""description"": ""株主優待品から1点選択"", ""annual_value_yen"": null}]"
4922,コーセー,,,,12,なし,official_confirmed,2026-07-30,https://corp.kose.co.jp/ja/ir/stock/benefit/,,,official_confirmed,1,,"[{""shares"": 100, ""description"": ""4000円～6000円相当の自社製品"", ""annual_value_yen"": null}]"
4912,ライオン,,,,12,1年以上継続保有,official_confirmed,2026-07-30,https://www.lion.co.jp/ja/ir/stock/benefit/,,,official_confirmed,1,,"[{""shares"": 100, ""description"": ""自社製品詰め合わせ"", ""annual_value_yen"": null}]"
4967,小林製薬,,,,6|12,なし,official_confirmed,2026-07-30,https://www.kobayashi.co.jp/ir/stock/benefit.html,,,official_confirmed,2,,"[{""shares"": 100, ""description"": ""5000円相当の自社製品詰め合わせ"", ""annual_value_yen"": null}]"
6078,バリューHR,,,,12,1年以上でポイント増額,official_confirmed,2026-07-30,https://www.valuehr.com/ir/stock/benefit/,,,official_confirmed,1,,"[{""shares"": 100, ""description"": ""年間2500ポイントのカフェテリアプラン"", ""annual_value_yen"": null}]"
6412,平和,,,,3|9,1年以上継続保有,official_confirmed,2026-07-30,https://www.heiwanet.co.jp/ir/stock/benefit.html,,,official_confirmed,2,,"[{""shares"": 200, ""description"": ""ゴルフ場優待券2枚"", ""annual_value_yen"": null}]"
7421,カッパ・クリエイト,,,,3|9,なし,official_confirmed,2026-07-30,https://www.kappa-create.co.jp/stockholder/,,,official_confirmed,2,,"[{""shares"": 100, ""description"": ""年間6000円相当の株主優待ポイント"", ""annual_value_yen"": null}]"
7458,第一興商,,,,3|9,なし,official_confirmed,2026-07-30,https://www.dkkaraoke.co.jp/stockinfo/benefit.html,,,official_confirmed,2,,"[{""shares"": 100, ""description"": ""年間4000円分の株主優待券"", ""annual_value_yen"": null}]"
7512,イオン北海道,,,,2,なし,official_confirmed,2026-07-30,https://www.aeon-hokkaido.jp/corporation/ir/stock/benefit/,,,official_confirmed,1,,"[{""shares"": 100, ""description"": ""2500円分の買物優待券"", ""annual_value_yen"": null}]"
7522,ワタミ,,,,3|9,なし,official_confirmed,2026-07-30,https://www.watami.co.jp/ir/stock/benefit/,,,official_confirmed,2,,"[{""shares"": 100, ""description"": ""年間8000円分の株主優待券"", ""annual_value_yen"": null}]"
7630,壱番屋,,,,2|8,なし,official_confirmed,2026-07-30,https://www.ichibanya.co.jp/comp/ir/stockholder.html,,,official_confirmed,2,,"[{""shares"": 100, ""description"": ""年間2000円分の飲食優待券"", ""annual_value_yen"": null}]"
7649,スギホールディングス,,,,2,なし,official_confirmed,2026-07-30,https://www.sugi-hd.co.jp/ir/stock/benefit.html,,,official_confirmed,1,,"[{""shares"": 100, ""description"": ""1000円分の買物優待券および優待パスポート"", ""annual_value_yen"": null}]"
8160,木曽路,,,,3|9,なし,official_confirmed,2026-07-30,https://www.kisoji.co.jp/ir/stockholder/,,,official_confirmed,2,,"[{""shares"": 100, ""description"": ""年間3200円分の食事優待券"", ""annual_value_yen"": null}]"
8163,SRSホールディングス,,,,3|9,なし,official_confirmed,2026-07-30,https://srs-holdings.co.jp/ir/stock/benefit/,,,official_confirmed,2,,"[{""shares"": 1000, ""description"": ""年間24000円分の食事優待券"", ""annual_value_yen"": null}]"
8200,リンガーハット,,,,2|8,3年以上で追加贈呈,official_confirmed,2026-07-30,https://www.ringerhut.co.jp/corporate/ir/stock/benefit/,,,official_confirmed,2,,"[{""shares"": 100, ""description"": ""年間3300円分の食事優待券"", ""annual_value_yen"": null}]"
8233,高島屋,,,,2|8,なし,official_confirmed,2026-07-30,https://www.takashimaya.co.jp/corp/ir/stock/benefit.html,,,official_confirmed,2,,"[{""shares"": 100, ""description"": ""買物10%割引カード"", ""annual_value_yen"": null}]"
8016,オンワードホールディングス,,,,2,1000株以上かつ1年以上で自社製品を追加贈呈,official_confirmed,2026-07-30,https://www.onward-hd.co.jp/ir/stock/benefit.html,,,official_confirmed,1,,"[{""shares"": 100, ""description"": ""公式通販サイト20%割引券6枚"", ""annual_value_yen"": null}]"
8279,ヤオコー,,,,3,なし,official_confirmed,2026-07-30,https://www.yaoko-net.com/corporate/ir/stock/benefit.html,,,official_confirmed,1,,"[{""shares"": 100, ""description"": ""1000円分の買物優待券または自社商品"", ""annual_value_yen"": null}]"
8282,ケーズホールディングス,,,,3|9,1年以上で追加贈呈,official_confirmed,2026-07-30,https://www.ksdenki.co.jp/ir/stockholder.html,,,official_confirmed,2,,"[{""shares"": 100, ""description"": ""年間2000円分の買物優待券"", ""annual_value_yen"": null}]"
8424,芙蓉総合リース,,,,3,1年以上継続保有,official_confirmed,2026-07-30,https://www.fgl.co.jp/ir/stock/benefit.html,,,official_confirmed,1,,"[{""shares"": 100, ""description"": ""3000円相当のカタログギフトまたは図書カード"", ""annual_value_yen"": null}]"
9041,近鉄グループホールディングス,,,,3|9,なし,official_confirmed,2026-07-30,https://www.kintetsu-g-hd.co.jp/ir/stock/benefit.html,,,official_confirmed,2,,"[{""shares"": 100, ""description"": ""近畿日本鉄道線沿線招待乗車券4枚等"", ""annual_value_yen"": null}]"
9042,阪急阪神ホールディングス,,,,3|9,なし,official_confirmed,2026-07-30,https://www.hankyu-hanshin.co.jp/ir/stock/benefit.html,,,official_confirmed,2,,"[{""shares"": 100, ""description"": ""阪急・阪神電車全線乗車証2回カード等"", ""annual_value_yen"": null}]"
9044,南海電気鉄道,,,,3|9,なし,official_confirmed,2026-07-30,https://www.nankai.co.jp/ir/stock/benefit.html,,,official_confirmed,2,,"[{""shares"": 200, ""description"": ""南海電鉄線6回乗車カード等"", ""annual_value_yen"": null}]"
9048,名古屋鉄道,,,,3|9,なし,official_confirmed,2026-07-30,https://www.meitetsu.co.jp/ir/stock/benefit/,,,official_confirmed,2,,"[{""shares"": 200, ""description"": ""電車線株主優待乗車証2枚等"", ""annual_value_yen"": null}]"
9202,ANAホールディングス,,,,3|9,なし,official_confirmed,2026-07-30,https://www.ana.co.jp/group/investors/stock/benefit/,,,official_confirmed,2,,"[{""shares"": 100, ""description"": ""国内線搭乗優待番号1個およびグループ優待券"", ""annual_value_yen"": null}]"
9279,ギフトホールディングス,,,,4|10,1年以上で追加贈呈,official_confirmed,2026-07-30,https://www.gift-group.co.jp/ir/benefit.html,,,official_confirmed,2,,"[{""shares"": 100, ""description"": ""年間2枚の電子チケット"", ""annual_value_yen"": null}]"
9404,日本テレビホールディングス,,,,3|9,なし,official_confirmed,2026-07-30,https://www.ntvhd.co.jp/ir/stock/benefit.html,,,official_confirmed,2,,"[{""shares"": 100, ""description"": ""自社関連施設・サービス優待"", ""annual_value_yen"": null}]"
9432,日本電信電話,,,,3,2年以上継続保有（進呈は保有2年・5年時）,official_confirmed,2026-07-30,https://group.ntt/jp/ir/shares/dividend.html,,,official_confirmed,1,,"[{""shares"": 100, ""description"": ""1500ポイントのdポイント"", ""annual_value_yen"": null}]"
9616,共立メンテナンス,,,,3|9,3年以上で追加贈呈,official_confirmed,2026-07-30,https://www.kyoritsugroup.co.jp/ir/stock/benefit.html,,,official_confirmed,2,,"[{""shares"": 100, ""description"": ""年間4000円分の株主優待割引券等"", ""annual_value_yen"": null}]"
9633,東京テアトル,,,,3|9,なし,official_confirmed,2026-07-30,https://www.theatres.co.jp/ir/stock/benefit/,,,official_confirmed,2,,"[{""shares"": 100, ""description"": ""年間8枚の映画招待券"", ""annual_value_yen"": null}]"
9601,松竹,,,,2|8,なし,official_confirmed,2026-07-30,https://www.shochiku.co.jp/company/ir/benefit/,,,official_confirmed,2,,"[{""shares"": 100, ""description"": ""映画優待80ポイント"", ""annual_value_yen"": null}]"
9722,藤田観光,,,,6|12,なし,official_confirmed,2026-07-30,https://www.fujita-kanko.co.jp/ir/stock/benefit.html,,,official_confirmed,2,,"[{""shares"": 100, ""description"": ""年間20枚の株主優待券および提携施設優待券"", ""annual_value_yen"": null}]"
9728,日本管財ホールディングス,,,,3|9,3年以上で優待額増額,official_confirmed,2026-07-30,https://www.nkanzaihd.co.jp/ir/stock/benefit.html,,,official_confirmed,2,,"[{""shares"": 100, ""description"": ""2000円相当のカタログギフト"", ""annual_value_yen"": null}]"
9831,ヤマダホールディングス,,,,3|9,なし,official_confirmed,2026-07-30,https://www.yamada-holdings.jp/ir/stock/benefit.html,,,official_confirmed,2,,"[{""shares"": 100, ""description"": ""年間1500円分の買物優待券"", ""annual_value_yen"": null}]"
9832,オートバックスセブン,,,,3|9,1年以上継続保有,official_confirmed,2026-07-30,https://www.autobacs.co.jp/ja/ir/stock/benefit.html,,,official_confirmed,2,,"[{""shares"": 100, ""description"": ""年間2000円分のオートバックス限定Vポイント"", ""annual_value_yen"": null}]"
9850,グルメ杵屋,,,,3|9,なし,official_confirmed,2026-07-30,https://www.gourmet-kineya-hd.co.jp/ir/stock/benefit.php,,,official_confirmed,2,,"[{""shares"": 100, ""description"": ""年間2000円分の食事優待券"", ""annual_value_yen"": null}]"
9887,松屋フーズホールディングス,,,,3,1年以上継続保有,official_confirmed,2026-07-30,https://www.matsuyafoods-holdings.co.jp/ir/stock/benefit.html,,,official_confirmed,1,,"[{""shares"": 100, ""description"": ""食事優待券10枚"", ""annual_value_yen"": null}]"
9900,サガミホールディングス,,,,3|9,なし,official_confirmed,2026-07-30,https://www.sagami-holdings.co.jp/ir/stock/benefit/,,,official_confirmed,2,,"[{""shares"": 100, ""description"": ""年間4000円分の20%割引券"", ""annual_value_yen"": null}]"
9946,ミニストップ,,,,2|8,なし,official_confirmed,2026-07-30,https://www.ministop.co.jp/corporate/ir/stock/benefit.html,,,official_confirmed,2,,"[{""shares"": 100, ""description"": ""ソフトクリーム無料券5枚"", ""annual_value_yen"": null}]"
9948,アークス,,,,2,なし,official_confirmed,2026-07-30,https://www.arcs-g.co.jp/company/ir/stock/benefit/,,,official_confirmed,1,,"[{""shares"": 100, ""description"": ""2000円分のアークスグループ商品券等"", ""annual_value_yen"": null}]"
9979,大庄,,,,2|8,なし,official_confirmed,2026-07-30,https://www.daisyo.co.jp/company/ir/stock/benefit.html,,,official_confirmed,2,,"[{""shares"": 100, ""description"": ""年間6000円分の飲食優待券"", ""annual_value_yen"": null}]"
9990,サックスバー ホールディングス,,,,3,なし,official_confirmed,2026-07-30,https://www.sacs-bar.co.jp/ir/stock/benefit/,,,official_confirmed,1,,"[{""shares"": 100, ""description"": ""2000円相当の自社グループ商品"", ""annual_value_yen"": null}]"
8214,AOKIホールディングス,,,,3|9,なし,official_confirmed,2026-07-30,https://www.aoki-hd.co.jp/ja/ir/stock/benefit.html,,,official_confirmed,2,,"[{""shares"": 100, ""description"": ""AOKI等の20%割引券5枚および施設優待券"", ""annual_value_yen"": null}]"
8173,上新電機,,,,9,なし,official_confirmed,2026-07-30,https://www.joshin.co.jp/ja/ir/stock/benefit.html,,,official_confirmed,1,,"[{""shares"": 1, ""description"": ""5000円分の買物優待券"", ""annual_value_yen"": null}]"
1377,サカタのタネ,,,,5,1年以上継続保有が必要,official_confirmed,2026-07-30,https://corporate.sakataseed.co.jp/ir/stock/benefit.html,,,official_confirmed,1,,"[{""shares"": 100, ""description"": ""商品カタログAコースから商品1点"", ""annual_value_yen"": null}]"
1379,ホクト,,,,3,なし,official_confirmed,2026-07-30,https://www.hokto-kinoko.co.jp/corporate/ir/stock/benefit/,,,official_confirmed,1,,"[{""shares"": 100, ""description"": ""健康セット・レトルトセット・きのこセットから1点"", ""annual_value_yen"": null}]"
2211,不二家,,,,12,なし,official_confirmed,2026-07-30,https://www.fujiya-peko.co.jp/company/ir/stockholder.html,,,official_confirmed,1,,"[{""shares"": 100, ""description"": ""3,000円分の株主優待券"", ""annual_value_yen"": null}]"
2226,湖池屋,,,,9,なし,official_confirmed,2026-07-30,https://koike-ya.com/company/ir/stockholder.html,,,official_confirmed,1,,"[{""shares"": 100, ""description"": ""2,500円相当の自社商品"", ""annual_value_yen"": null}]"
2264,森永乳業,,,,9,なし,official_confirmed,2026-07-30,https://www.morinagamilk.co.jp/ir/stock/benefit/,,,official_confirmed,1,,"[{""shares"": 100, ""description"": ""870円相当の自社商品"", ""annual_value_yen"": null}]"
2374,セントケア・ホールディング,,,,9,"3年以上で1,500円分に増額",official_confirmed,2026-07-30,https://www.saint-care.com/ir/stock/benefit.html,,,official_confirmed,1,,"[{""shares"": 100, ""description"": ""500円分のQUOカード"", ""annual_value_yen"": null}]"
2378,ルネサンス,,,,3|9,なし,official_confirmed,2026-07-30,https://www.s-renaissance.co.jp/ir/stock/benefit/,,,official_confirmed,2,,"[{""shares"": 100, ""description"": ""年間4枚の施設利用券"", ""annual_value_yen"": null}]"
2533,オエノンホールディングス,,,,12,なし,official_confirmed,2026-07-30,https://www.oenon.jp/ir/stock/benefit.html,,,official_confirmed,1,,"[{""shares"": 1000, ""description"": ""1,500円相当の株主限定オリジナル商品"", ""annual_value_yen"": null}]"
2540,養命酒製造,,,,9,なし,official_confirmed,2026-07-30,https://www.yomeishu.co.jp/company/ir/stock/benefit.html,,,official_confirmed,1,,"[{""shares"": 100, ""description"": ""1,500円相当の自社商品詰め合わせ"", ""annual_value_yen"": null}]"
2587,サントリー食品インターナショナル,,,,12,なし,official_confirmed,2026-07-30,https://www.suntory.co.jp/softdrink/ir/stock/benefit.html,,,official_confirmed,1,,"[{""shares"": 100, ""description"": ""1,000円相当の自社商品"", ""annual_value_yen"": null}]"
2593,伊藤園,,,,4,なし,official_confirmed,2026-07-30,https://www.itoen.co.jp/ir/stock/benefit/,,,official_confirmed,1,,"[{""shares"": 100, ""description"": ""1,500円相当の自社製品詰め合わせ"", ""annual_value_yen"": null}]"
2664,カワチ薬品,,,,3,なし,official_confirmed,2026-07-30,https://www.cawachi.co.jp/ir/stockholder/benefit.html,,,official_confirmed,1,,"[{""shares"": 100, ""description"": ""5,000円分の優待券またはおこめ券5枚"", ""annual_value_yen"": null}]"
2681,ゲオホールディングス,,,,9,なし,official_confirmed,2026-07-30,https://www.geonet.co.jp/ir/stock/benefit/,,,official_confirmed,1,,"[{""shares"": 100, ""description"": ""リユース店舗で使える2,000円分の割引券"", ""annual_value_yen"": null}]"
2685,アダストリア,,,,2,なし,official_confirmed,2026-07-30,https://www.adastria.co.jp/ir/stock/benefit/,,,official_confirmed,1,,"[{""shares"": 100, ""description"": ""3,000円分の株主優待券"", ""annual_value_yen"": null}]"
2695,くら寿司,,,,4,なし,official_confirmed,2026-07-30,https://www.kurasushi.co.jp/company/ir/stock/benefit.html,,,official_confirmed,1,,"[{""shares"": 100, ""description"": ""2,500円分の電子株主優待割引券"", ""annual_value_yen"": null}]"
2705,大戸屋ホールディングス,,,,3|9,なし,official_confirmed,2026-07-30,https://www.colowide.co.jp/ir/stock_info/stockholder_qa/,,,official_confirmed,2,,"[{""shares"": 100, ""description"": ""年間8,000円分の株主優待ポイント"", ""annual_value_yen"": null}]"
2726,パルグループホールディングス,,,,2,なし,official_confirmed,2026-07-30,https://www.palgroup.holdings/ir/stock/benefit/,,,official_confirmed,1,,"[{""shares"": 100, ""description"": ""宿泊施設・ECサイトで使える50%割引券2枚"", ""annual_value_yen"": null}]"
2791,大黒天物産,,,,5,なし,official_confirmed,2026-07-30,https://www.e-dkt.co.jp/ir/stockholder.html,,,official_confirmed,1,,"[{""shares"": 100, ""description"": ""2,000円相当の大粒ピオーネ"", ""annual_value_yen"": null}]"
2802,味の素,,,,3,半年以上継続保有が必要,official_confirmed,2026-07-30,https://www.ajinomoto.co.jp/company/jp/ir/stock/benefit.html,,,official_confirmed,1,,"[{""shares"": 100, ""description"": ""500円相当の自社グループ商品"", ""annual_value_yen"": null}]"
2804,ブルドックソース,,,,3,なし,official_confirmed,2026-07-30,https://www.bulldog.co.jp/company/ir/stockholder.html,,,official_confirmed,1,,"[{""shares"": 100, ""description"": ""1,000円相当の自社グループ商品"", ""annual_value_yen"": null}]"
2816,ダイショー,,,,3|9,なし,official_confirmed,2026-07-30,https://www.daisho.co.jp/corporate/ir/stock/benefit,,,official_confirmed,2,,"[{""shares"": 100, ""description"": ""年間2,000円相当の自社製品詰め合わせ"", ""annual_value_yen"": null}]"
2818,ピエトロ,,,,3,なし,official_confirmed,2026-07-30,https://www.pietro.co.jp/company/ir/stockholder/,,,official_confirmed,1,,"[{""shares"": 100, ""description"": ""1,000円相当の自社商品"", ""annual_value_yen"": null}]"
2882,イートアンドホールディングス,,,,2,なし,official_confirmed,2026-07-30,https://www.eat-and.jp/ir/stock/benefit/,,,official_confirmed,1,,"[{""shares"": 100, ""description"": ""3,000円相当の自社製品または食事券"", ""annual_value_yen"": null}]"
2903,シノブフーズ,,,,3,なし,official_confirmed,2026-07-30,https://www.shinobufoods.co.jp/ir/stockholder.html,,,official_confirmed,1,,"[{""shares"": 100, ""description"": ""500円分のQUOカード"", ""annual_value_yen"": null}]"
2933,紀文食品,,,,9,なし,official_confirmed,2026-07-30,https://www.kibun.co.jp/corporate/ir/stock/benefit/,,,official_confirmed,1,,"[{""shares"": 300, ""description"": ""3,000円相当の自社商品詰め合わせ"", ""annual_value_yen"": null}]"
3001,片倉工業,,,,12,なし,official_confirmed,2026-07-30,https://www.katakura.co.jp/ir/stock/benefit/,,,official_confirmed,1,,"[{""shares"": 100, ""description"": ""1,000円相当の自社グループ商品または寄付"", ""annual_value_yen"": null}]"
3050,DCMホールディングス,,,,2,"3年以上で2,000円分に増額",official_confirmed,2026-07-30,https://www.dcm-hldgs.co.jp/grp/ir/stock/benefit.html,,,official_confirmed,1,,"[{""shares"": 100, ""description"": ""500円分の買物優待券"", ""annual_value_yen"": null}]"
3058,三洋堂ホールディングス,,,,3,1年以上継続保有が必要,official_confirmed,2026-07-30,https://ir.sanyodo.co.jp/stock/benefit/,,,official_confirmed,1,,"[{""shares"": 100, ""description"": ""株主優待カードと1,000円分の図書カード"", ""annual_value_yen"": null}]"
3075,銚子丸,,,,5|11,なし,official_confirmed,2026-07-30,https://www.choushimaru.co.jp/ir/stockholder/,,,official_confirmed,2,,"[{""shares"": 100, ""description"": ""年間1,000円分の食事優待券"", ""annual_value_yen"": null}]"
3091,ブロンコビリー,,,,6|12,なし,official_confirmed,2026-07-30,https://www.bronco.co.jp/ir/stockholder/,,,official_confirmed,2,,"[{""shares"": 100, ""description"": ""年間4,000円分の株主優待券"", ""annual_value_yen"": null}]"
3099,三越伊勢丹ホールディングス,,,,3|9,なし,official_confirmed,2026-07-30,https://www.imhds.co.jp/ja/ir/stockholder/preferential.html,,,official_confirmed,2,,"[{""shares"": 100, ""description"": ""利用限度額30万円の10%割引優待カード"", ""annual_value_yen"": null}]"
3148,クリエイトSDホールディングス,,,,5,なし,official_confirmed,2026-07-30,https://www.createsdhd.co.jp/ir/stock/benefit.html,,,official_confirmed,1,,"[{""shares"": 100, ""description"": ""1,500円分の買物券またはおこめ券3枚"", ""annual_value_yen"": null}]"
3153,八洲電機,,,,9,なし,official_confirmed,2026-07-30,https://www.yashimadenki.co.jp/ir/stock/benefit.html,,,official_confirmed,1,,"[{""shares"": 100, ""description"": ""500円分のジェフグルメカード"", ""annual_value_yen"": null}]"
3172,ティーライフ,,,,7,なし,official_confirmed,2026-07-30,https://www.tealifeir.com/stock/benefit.html,,,official_confirmed,1,,"[{""shares"": 100, ""description"": ""1,000円分の株主優待券"", ""annual_value_yen"": null}]"
3196,ホットランドホールディングス,,,,6|12,なし,official_confirmed,2026-07-30,https://hotland.co.jp/ir/stock/benefit/,,,official_confirmed,2,,"[{""shares"": 100, ""description"": ""年間3,000円分の株主優待券"", ""annual_value_yen"": null}]"
3198,SFPホールディングス,,,,2|8,なし,official_confirmed,2026-07-30,https://www.sfpdining.jp/ir/stock/benefit/,,,official_confirmed,2,,"[{""shares"": 100, ""description"": ""年間8,000円分の食事券"", ""annual_value_yen"": null}]"
3201,ニッケ,,,,5,なし,official_confirmed,2026-07-30,https://www.nikke.co.jp/ir/stock/benefit/,,,official_confirmed,1,,"[{""shares"": 100, ""description"": ""1,000円分のQUOカード"", ""annual_value_yen"": null}]"
3221,ヨシックスホールディングス,,,,3|9,なし,official_confirmed,2026-07-30,https://yossix.co.jp/ir/stockholder/,,,official_confirmed,2,,"[{""shares"": 100, ""description"": ""年間6,000円分の食事券と20%割引券20枚"", ""annual_value_yen"": null}]"
3232,三重交通グループホールディングス,,,,3|9,なし,official_confirmed,2026-07-30,https://holdings.sanco.co.jp/ir/stock/benefit/,,,official_confirmed,2,,"[{""shares"": 100, ""description"": ""共通路線バス乗車券2枚など"", ""annual_value_yen"": null}]"
3289,東急不動産ホールディングス,,,,3|9,なし,official_confirmed,2026-07-30,https://www.tokyu-fudosan-hd.co.jp/ir/stockandbond/complimentary/,,,official_confirmed,2,,"[{""shares"": 100, ""description"": ""宿泊・スポーツ・買物施設の優待券"", ""annual_value_yen"": null}]"
3397,トリドールホールディングス,,,,3|9,なし,official_confirmed,2026-07-30,https://www.toridoll.com/ir/stock/benefit/,,,official_confirmed,2,,"[{""shares"": 100, ""description"": ""年間6,000円分の株主優待カード入金"", ""annual_value_yen"": null}]"
3529,アツギ,,,,3|9,なし,official_confirmed,2026-07-30,https://www.atsugi.co.jp/ir/stock/benefit.html,,,official_confirmed,2,,"[{""shares"": 100, ""description"": ""自社ECサイトで使える30%割引券3枚"", ""annual_value_yen"": null}]"
3612,ワールド,,,,2|8,半年以上継続保有が必要,official_confirmed,2026-07-30,https://corp.world.co.jp/ir/stock/benefit/,,,official_confirmed,2,,"[{""shares"": 100, ""description"": ""年間3,000円分の株主優待券"", ""annual_value_yen"": null}]"
3648,AGS,,,,3|9,1年以上継続保有が必要,official_confirmed,2026-07-30,https://www.ags.co.jp/ir/stock/benefit/,,,official_confirmed,2,,"[{""shares"": 100, ""description"": ""年間2,000円分のQUOカード"", ""annual_value_yen"": null}]"
3762,テクマトリックス,,,,9,なし,official_confirmed,2026-07-30,https://www.techmatrix.co.jp/ir/stock/benefit.html,,,official_confirmed,1,,"[{""shares"": 500, ""description"": ""1,500円相当の商品または寄付から1点"", ""annual_value_yen"": null}]"
3771,システムリサーチ,,,,9,なし,official_confirmed,2026-07-30,https://www.sr-net.co.jp/ir/stock/benefit.html,,,official_confirmed,1,,"[{""shares"": 100, ""description"": ""1,000円分のQUOカード"", ""annual_value_yen"": null}]"
3839,ODKソリューションズ,,,,3|9,1年以上継続保有が必要,official_confirmed,2026-07-30,https://www.odk.co.jp/ir/stock/benefit.html,,,official_confirmed,2,,"[{""shares"": 100, ""description"": ""年間1,000円分のQUOカード"", ""annual_value_yen"": null}]"
3964,オークネット,,,,12,なし,official_confirmed,2026-07-30,https://www.aucnet.co.jp/ir/stock/benefit/,,,official_confirmed,1,,"[{""shares"": 100, ""description"": ""1,000円分のQUOカード"", ""annual_value_yen"": null}]"
4337,ぴあ,,,,3,なし,official_confirmed,2026-07-30,https://corporate.pia.jp/ir/stock/benefit/,,,official_confirmed,1,,"[{""shares"": 100, ""description"": ""2,500円分の図書カード・シネマギフトカード等"", ""annual_value_yen"": null}]"
4343,イオンファンタジー,,,,2|8,なし,official_confirmed,2026-07-30,https://www.fantasy.co.jp/company/ir/stock/benefit.html,,,official_confirmed,2,,"[{""shares"": 100, ""description"": ""年間4,000円分の優待券と米3kg"", ""annual_value_yen"": null}]"
4559,ゼリア新薬工業,,,,3|9,なし,official_confirmed,2026-07-30,https://www.zeria.co.jp/ir/stock/benefit.html,,,official_confirmed,2,,"[{""shares"": 100, ""description"": ""年間20本のヘパリーゼWセット"", ""annual_value_yen"": null}]"
4668,明光ネットワークジャパン,,,,8,"3年以上で1,500円分に増額",official_confirmed,2026-07-30,https://www.meikonet.co.jp/ja/ir/stock/benefit.html,,,official_confirmed,1,,"[{""shares"": 100, ""description"": ""500円分のQUOカード"", ""annual_value_yen"": null}]"
4679,田谷,,,,3|9,なし,official_confirmed,2026-07-30,https://www.taya.co.jp/tww/ir/benefit/,,,official_confirmed,2,,"[{""shares"": 100, ""description"": ""年間6,600円分の株主優待券"", ""annual_value_yen"": null}]"
4839,WOWOW,,,,9,1年以上継続保有が必要,official_confirmed,2026-07-30,https://corporate.wowow.co.jp/ir/stock/benefit/,,,official_confirmed,1,,"[{""shares"": 100, ""description"": ""視聴料3か月分無料または2,000円分のQUOカード"", ""annual_value_yen"": null}]"
4931,新日本製薬,,,,9,"半年以上で8,500円相当に増額",official_confirmed,2026-07-30,https://corporate.shinnihonseiyaku.co.jp/ir/stock/benefit/,,,official_confirmed,1,,"[{""shares"": 100, ""description"": ""4,000円相当の自社商品"", ""annual_value_yen"": null}]"
4977,新田ゼラチン,,,,3,なし,official_confirmed,2026-07-30,https://www.nitta-gelatin.co.jp/ja/ir/stock/benefit.html,,,official_confirmed,1,,"[{""shares"": 100, ""description"": ""1,000円相当の自社商品"", ""annual_value_yen"": null}]"
4994,大成ラミック,,,,3,1年以上継続保有が必要,official_confirmed,2026-07-30,https://www.lamick.co.jp/ir/stock/benefit/,,,official_confirmed,1,,"[{""shares"": 100, ""description"": ""5,000円相当の自社関連商品"", ""annual_value_yen"": null}]"
5185,フコク,,,,3,なし,official_confirmed,2026-07-30,https://www.fukoku-rubber.co.jp/ir/stock/benefit.html,,,official_confirmed,1,,"[{""shares"": 100, ""description"": ""棚田米2kg"", ""annual_value_yen"": null}]"
5261,リソルホールディングス,,,,3,なし,official_confirmed,2026-07-30,https://www.resol.jp/ir/stock/benefit/,,,official_confirmed,1,,"[{""shares"": 100, ""description"": ""20,000円分のRESOLファミリー商品券"", ""annual_value_yen"": null}]"
5301,東海カーボン,,,,12,1年以上継続保有が必要,official_confirmed,2026-07-30,https://www.tokaicarbon.co.jp/ir/stock/benefit.html,,,official_confirmed,1,,"[{""shares"": 100, ""description"": ""2,000円相当のカタログギフト"", ""annual_value_yen"": null}]"
5463,丸一鋼管,,,,3|9,なし,official_confirmed,2026-07-30,https://www.maruichikokan.co.jp/ir/stock/benefit.html,,,official_confirmed,2,,"[{""shares"": 100, ""description"": ""年間6枚の全国共通おこめ券"", ""annual_value_yen"": null}]"
5949,ユニプレス,,,,3,1年以上継続保有が必要,official_confirmed,2026-07-30,https://www.unipres.co.jp/ir/stock/benefit/,,,official_confirmed,1,,"[{""shares"": 100, ""description"": ""1,000ポイントの株主優待ポイント"", ""annual_value_yen"": null}]"
6073,アサンテ,,,,3|9,なし,official_confirmed,2026-07-30,https://www.asante.co.jp/ir/stock/benefit.html,,,official_confirmed,2,,"[{""shares"": 100, ""description"": ""年間2,000円分のギフトカード"", ""annual_value_yen"": null}]"
6082,ライドオンエクスプレスホールディングス,,,,3,なし,official_confirmed,2026-07-30,https://www.rideonexpresshd.co.jp/ir/stock/benefit.html,,,official_confirmed,1,,"[{""shares"": 100, ""description"": ""2,500円分の優待券または米2kg"", ""annual_value_yen"": null}]"
6249,ゲームカード・ジョイコホールディングス,,,,3,なし,official_confirmed,2026-07-30,https://www.gamecard-joyco.co.jp/ir/stock/benefit.html,,,official_confirmed,1,,"[{""shares"": 100, ""description"": ""2,000円相当の商品から1点"", ""annual_value_yen"": null}]"
6293,日精樹脂工業,,,,3,なし,official_confirmed,2026-07-30,https://www.nisseijushi.co.jp/ir/stock/benefit.html,,,official_confirmed,1,,"[{""shares"": 100, ""description"": ""1,500円相当の長野県坂城町特産品"", ""annual_value_yen"": null}]"
6339,新東工業,,,,9,1年以上継続保有が必要,official_confirmed,2026-07-30,https://www.sinto.co.jp/ir/stock/benefit/,,,official_confirmed,1,,"[{""shares"": 100, ""description"": ""1,000円分のQUOカード"", ""annual_value_yen"": null}]"
6490,PILLAR,,,,3,なし,official_confirmed,2026-07-30,https://www.pillar.co.jp/ir/stock/benefit/,,,official_confirmed,1,,"[{""shares"": 100, ""description"": ""1,500円分のQUOカード"", ""annual_value_yen"": null}]"
7164,全国保証,,,,3,"1年以上で5,000円分に増額",official_confirmed,2026-07-30,https://www.zenkoku.co.jp/ir/stock/benefit.html,,,official_confirmed,1,,"[{""shares"": 100, ""description"": ""3,000円分のQUOカード"", ""annual_value_yen"": null}]"
7185,ヒロセ通商,,,,9,なし,official_confirmed,2026-07-30,https://hirose-fx.co.jp/ir/stock/benefit/,,,official_confirmed,1,,"[{""shares"": 100, ""description"": ""10,000円相当の自社キャンペーン商品"", ""annual_value_yen"": null}]"
7278,エクセディ,,,,9,1年以上継続保有が必要,official_confirmed,2026-07-30,https://www.exedy.com/ja/ir/stock/benefit/,,,official_confirmed,1,,"[{""shares"": 100, ""description"": ""3,000円相当のWEBカタログギフト"", ""annual_value_yen"": null}]"
7313,テイ・エス テック,,,,3,1年以上継続保有が必要,official_confirmed,2026-07-30,https://www.tstech.co.jp/ir/stock/benefit.html,,,official_confirmed,1,,"[{""shares"": 200, ""description"": ""3,000ポイントの株主優待ポイント"", ""annual_value_yen"": null}]"
7416,はるやまホールディングス,,,,3,なし,official_confirmed,2026-07-30,https://www.haruyama.co.jp/ir/stock/benefit/,,,official_confirmed,1,,"[{""shares"": 100, ""description"": ""ワイシャツ等贈呈券1枚と15%割引券2枚"", ""annual_value_yen"": null}]"
7438,コンドーテック,,,,3,なし,official_confirmed,2026-07-30,https://www.kondotec.co.jp/ir/stock/benefit.html,,,official_confirmed,1,,"[{""shares"": 1000, ""description"": ""全国共通おこめ券2枚"", ""annual_value_yen"": null}]"
7456,松田産業,,,,3,1年以上継続保有が必要,official_confirmed,2026-07-30,https://www.matsuda-sangyo.co.jp/ja/ir/stock/benefit.html,,,official_confirmed,1,,"[{""shares"": 100, ""description"": ""2,000円分のQUOカード"", ""annual_value_yen"": null}]"
7482,シモジマ,,,,3,なし,official_confirmed,2026-07-30,https://www.shimojima.co.jp/ir/stock/benefit.html,,,official_confirmed,1,,"[{""shares"": 100, ""description"": ""1,000円分のQUOカード"", ""annual_value_yen"": null}]"
7504,高速,,,,3,なし,official_confirmed,2026-07-30,https://www.kohsoku.com/ir/stock/benefit/,,,official_confirmed,1,,"[{""shares"": 100, ""description"": ""500円分のQUOカード"", ""annual_value_yen"": null}]"
7510,たけびし,,,,3|9,なし,official_confirmed,2026-07-30,https://www.takebishi.co.jp/ir/stock/benefit.html,,,official_confirmed,2,,"[{""shares"": 100, ""description"": ""年間2,000円分のQUOカード"", ""annual_value_yen"": null}]"
7513,コジマ,,,,2|8,なし,official_confirmed,2026-07-30,https://www.kojima.net/corporation/ir/stockholder.html,,,official_confirmed,2,,"[{""shares"": 100, ""description"": ""年間3,000円分の買物優待券"", ""annual_value_yen"": null}]"
7516,コーナン商事,,,,2,なし,official_confirmed,2026-07-30,https://www.hc-kohnan.com/corporate/ir/stock/benefit/,,,official_confirmed,1,,"[{""shares"": 100, ""description"": ""1,000円分の自社商品券"", ""annual_value_yen"": null}]"
7520,エコス,,,,2|8,なし,official_confirmed,2026-07-30,https://www.eco-s.co.jp/ir/stock/benefit/,,,official_confirmed,2,,"[{""shares"": 100, ""description"": ""年間6,000円分の買物券または米4kg"", ""annual_value_yen"": null}]"
7532,パン・パシフィック・インターナショナルホールディングス,,,,6|12,なし,official_confirmed,2026-07-30,https://ppih.co.jp/ir/stock/benefit/,,,official_confirmed,2,,"[{""shares"": 100, ""description"": ""年間4,000円分のmajicaポイント"", ""annual_value_yen"": null}]"
7552,ハピネット,,,,3,なし,official_confirmed,2026-07-30,https://www.happinet.co.jp/ir/stock/benefit.html,,,official_confirmed,1,,"[{""shares"": 100, ""description"": ""カタログから玩具・ゲーム等1点"", ""annual_value_yen"": null}]"
7611,ハイデイ日高,,,,2|8,なし,official_confirmed,2026-07-30,https://hidakaya.hiday.co.jp/ir/stock/benefit.html,,,official_confirmed,2,,"[{""shares"": 100, ""description"": ""年間2,000円分の優待券またはおこめ券2kg分"", ""annual_value_yen"": null}]"
7867,タカラトミー,,,,3,3年以上で割引率40%,official_confirmed,2026-07-30,https://www.takaratomy.co.jp/company/ir/stock/benefit.html,,,official_confirmed,1,,"[{""shares"": 100, ""description"": ""自社商品割引券と株主限定トミカ2台"", ""annual_value_yen"": null}]"
7874,レック,,,,3,なし,official_confirmed,2026-07-30,https://www.lecinc.co.jp/ir/stock/benefit.html,,,official_confirmed,1,,"[{""shares"": 100, ""description"": ""2,000円相当の自社新製品詰め合わせ"", ""annual_value_yen"": null}]"
7893,プロネクサス,,,,3,保有年数に応じて優待額増額,official_confirmed,2026-07-30,https://www.pronexus.co.jp/home/ir/stock/benefit.html,,,official_confirmed,1,,"[{""shares"": 100, ""description"": ""500円分のQUOカード"", ""annual_value_yen"": null}]"
8029,ルックホールディングス,,,,12,なし,official_confirmed,2026-07-30,https://www.look-holdings.jp/ir/stock/benefit.html,,,official_confirmed,1,,"[{""shares"": 100, ""description"": ""2,000円分のオンラインショップ優待券"", ""annual_value_yen"": null}]"
8095,アステナホールディングス,,,,11,1年以上継続保有が必要,official_confirmed,2026-07-30,https://www.astena-hd.com/ir/stock/benefit.html,,,official_confirmed,1,,"[{""shares"": 100, ""description"": ""3,000円相当の自社商品"", ""annual_value_yen"": null}]"
8153,モスフードサービス,,,,3|9,なし,official_confirmed,2026-07-30,https://www.mos.co.jp/company/ir/stockholder/,,,official_confirmed,2,,"[{""shares"": 100, ""description"": ""年間2,000円分の株主優待券"", ""annual_value_yen"": null}]"
8165,千趣会,,,,6|12,なし,official_confirmed,2026-07-30,https://www.senshukai.co.jp/main/top/ir/stock/benefit.html,,,official_confirmed,2,,"[{""shares"": 100, ""description"": ""年間2,000円分のベルメゾンお買い物券"", ""annual_value_yen"": null}]"
8242,エイチ・ツー・オー リテイリング,,,,3|9,なし,official_confirmed,2026-07-30,https://www.h2o-retailing.co.jp/ja/ir/stock/benefit.html,,,official_confirmed,2,,"[{""shares"": 100, ""description"": ""10%割引株主優待券5枚"", ""annual_value_yen"": null}]"
8255,アクシアル リテイリング,,,,3|9,なし,official_confirmed,2026-07-30,https://www.axial-r.com/ir/stock/benefit/,,,official_confirmed,2,,"[{""shares"": 100, ""description"": ""年間2,000円分のQUOカードまたは買物券"", ""annual_value_yen"": null}]"
8273,イズミ,,,,2|8,なし,official_confirmed,2026-07-30,https://www.izumi.co.jp/corp/ir/stock/benefit/,,,official_confirmed,2,,"[{""shares"": 100, ""description"": ""年間4,000円分の優待券または1,000円分のギフト券"", ""annual_value_yen"": null}]"
8281,ゼビオホールディングス,,,,3|9,なし,official_confirmed,2026-07-30,https://www.xebio.co.jp/ja/ir/stock/benefit.html,,,official_confirmed,2,,"[{""shares"": 100, ""description"": ""年間2枚の20%割引券と8枚の10%割引券"", ""annual_value_yen"": null}]"
8566,リコーリース,,,,3,"1年以上で4,000円分に増額",official_confirmed,2026-07-30,https://www.r-lease.co.jp/ir/stock/benefit.html,,,official_confirmed,1,,"[{""shares"": 100, ""description"": ""2,000円分のQUOカード"", ""annual_value_yen"": null}]"
8793,NECキャピタルソリューション,,,,3,"1年以上で3,000円相当に増額",official_confirmed,2026-07-30,https://www.necap.co.jp/ir/stock/benefit.html,,,official_confirmed,1,,"[{""shares"": 100, ""description"": ""2,000円相当のオンラインカタログギフト"", ""annual_value_yen"": null}]"
8877,エスリード,,,,3,なし,official_confirmed,2026-07-30,https://www.eslead.co.jp/ir/stock/benefit.html,,,official_confirmed,1,,"[{""shares"": 100, ""description"": ""3,000円相当の季節のフリーチョイスギフト"", ""annual_value_yen"": null}]"
8923,トーセイ,,,,11,1年以上でQUOカードを追加,official_confirmed,2026-07-30,https://www.toseicorp.co.jp/ir/stock/benefit/,,,official_confirmed,1,,"[{""shares"": 100, ""description"": ""自社ホテル宿泊料金3,000円割引券"", ""annual_value_yen"": null}]"
9142,九州旅客鉄道,,,,3,なし,official_confirmed,2026-07-30,https://www.jrkyushu.co.jp/company/ir/stock/shareholder/,,,official_confirmed,1,,"[{""shares"": 100, ""description"": ""鉄道優待券1枚と2,500円分のグループ優待券"", ""annual_value_yen"": null}]"
