security_code,company_name,benefit_summary,required_shares,record_month,long_term_condition,official_url,status,source_checked_date
8267,イオン,買い物,100,2|8,なし,https://www.aeon.info/ir/stock/benefit/,confirmed,2026-07-26
3197,すかいらーくホールディングス,食事券,100,6|12,なし,https://corp.skylark.co.jp/ir/stock/incentive/,confirmed,2026-07-26
2702,日本マクドナルドホールディングス,食事券,100,6|12,継続保有1年以上,https://www.mcd-holdings.co.jp/ir/individual/shareholder_benefits/,confirmed,2026-07-26
2914,日本たばこ産業,商品,100,12,廃止済み,https://www.jti.co.jp/investors/stock/privilege/index.html,abolished,2026-07-26
8591,オリックス,廃止済み,100,3,廃止済み,https://www.orix.co.jp/grp/company/newsroom/newsrelease/220511_ORIXG.html,abolished,2026-07-26
9433,KDDI,デジタルギフト,200,3,継続保有1年以上,https://www.kddi.com/corporate/ir/individual/stockholder/,confirmed,2026-07-26
4661,オリエンタルランド,レジャー,100,3|9,通常制度は500株以上。100株以上を3年以上継続保有する株主向け長期保有制度あり,https://www.olc.co.jp/ja/ir/benefit.html,confirmed,2026-07-26
9201,日本航空,割引券,100,3|9,なし（長期保有株主への追加発行あり）,https://www.jal.com/ja/investor/individual/guidance/,confirmed,2026-07-26
9602,東宝,映画,100,2|8,なし,https://www.toho.co.jp/company/ir/stock/bond.html,confirmed,2026-07-26
2503,キリンホールディングス,商品,100,12,継続保有1年以上,https://www.kirinholdings.com/jp/investors/stock/benefit/,confirmed,2026-07-26
3087,ドトール・日レスホールディングス,食事券,100,2,なし,https://www.dnh.co.jp/html/ir/stock.html,confirmed,2026-07-26
8136,サンリオ,レジャー,100,3|9,なし,https://corporate.sanrio.co.jp/ir/stock/benefit/,confirmed,2026-07-26
1301,極洋,食料品・水産加工品（自社製品）,100,3,なし,https://www.kyokuyo.co.jp/ir/concept/,confirmed,2026-07-26
7550,ゼンショーホールディングス,食事券（株主優待券）,100,3|9,公式資料に長期保有条件の記載なし,https://www.zensho.co.jp/jp/ir/investor/complimentary.html,confirmed,2026-07-27
7616,コロワイド,株主優待カード発送・ポイント付与,500,3|6|9|12,公式資料に長期保有条件の記載なし,https://www.colowide.co.jp/ir/stock_info/stockholder_qa/,confirmed,2026-07-27
7412,アトム,現行の株主優待制度（2026年3月末基準日の株主名簿に記載された株主様まで現行の優待制度）: 100株～500株未満,100,9|3,公式資料に長期保有条件の記載なし,https://www.atom-corp.co.jp/ir/shareholder.html,confirmed,2026-07-27
9861,吉野家ホールディングス,株主優待券,100,2|8,公式資料に長期保有条件の記載なし,https://www.yoshinoya-holdings.com/ir/info/dividend/,confirmed,2026-07-28
1332,ニッスイ,自社商品,500,3|9,,https://hayamarumaruhaya.com/nissui-yutai-haitou-2025/,confirmed,2026-07-28
1383,ベルグアース,株主優待,100,4|10,なし,https://hayamarumaruhaya.com/berg-earth-yutai/,confirmed,2026-07-28
138A,光フードサービス,株主優待（外食/居酒屋・電子チケット）,100,2|5|3|8|9|11,公式資料に長期保有条件の記載なし,https://nyobopao.com/?p=86,confirmed,2026-07-28
1417,ミライト・ワン,寄付・クオカード等（選択）,100,3,,https://smayu.jp/company/mirait-one/,confirmed,2026-07-28
1420,サンヨーホームズ,株主優待,100,3,,https://www.sanyohomes.co.jp/ir/yutai.html,confirmed,2026-07-28
1431,Ｌｉｂ　Ｗｏｒｋ,stockholder_benefit,100,9|12|3|6,,https://www.libwork.co.jp/ir-benefit/,confirmed,2026-07-28
1515,日鉄鉱業,株主優待,100,3,公式資料に長期保有条件の記載なし,https://www.nittetsukou.co.jp/ir/stock/compliments.html,confirmed,2026-07-28
1518,三井松島ホールディングス,stockholder_benefit,500,3|9,公式資料に長期保有条件の記載なし,https://www.mitsui-matsushima.co.jp/ir/specialtreatment/,confirmed,2026-07-28
1766,東建コーポレーション,株主優待,100,4,公式資料に長期保有条件の記載なし,https://www.token.co.jp/ir/investors/shareholder_privilege/,confirmed,2026-07-28
1783,ｆａｎｔａｓｉｓｔａ,"毎年9月30日現在の当社株主名簿及び実質株主名簿に記載された株主のうち、1,000株以上を保有する株主",1000,9,公式資料に長期保有条件の記載なし,https://fantasista-tokyo.jp/ir/dividend/,confirmed,2026-07-28
1780,ヤマウラ,食品,100,3,公式資料に長期保有条件の記載なし,https://kabuusa.com/%E6%A0%AA%E5%BC%8F%E4%BC%9A%E7%A4%BE%E3%83%A4%E3%83%9E%E3%82%A6%E3%83%A9%EF%BC%91%EF%BC%97%EF%BC%98%EF%BC%90%E3%81%AE%E6%A0%AA%E4%B8%BB%E5%84%AA%E5%BE%85/,confirmed,2026-07-28
190A,Ｃｈｏｒｄｉａ　Ｔｈｅｒａｐｅｕｔｉｃｓ,優待内容未取得,100,8|7|3,公式資料に長期保有条件の記載なし,https://www.nikkei.com/nkd/company/?scode=190A,confirmed,2026-07-28
1965,テクノ菱和,優待内容未取得,1,3,公式資料に長期保有条件の記載なし,https://www.techno-ryowa.co.jp/ir-library/,confirmed,2026-07-29
1375,雪国まいたけ,3000円相当の自社商品,100,3,6か月以上継続保有,https://www.yukiguni-factory.co.jp/ir/benefit/,confirmed,2026-07-30
1380,秋川牧園,1500円相当の自社商品,500,3,なし,https://www.akikawabokuen.com/ir-yutai/,confirmed,2026-07-30
1419,タマホーム,QUOカード500円分,100,5|11,3年以上で優待額増額,https://www.tamahome.jp/company/ir/stock_bond/stock_bond_03.html,confirmed,2026-07-30
1879,新日本建設,ゴルフ場優待券1枚,100,3,なし,https://www.shinnihon-c.co.jp/ir/stock/benefit/,confirmed,2026-07-30
1909,日本ドライケミカル,QUOカード1000円分または防災用品等から1点,100,9,なし,https://www.ndc-group.co.jp/ir/stock/stock_preferential_treatment/index.html,confirmed,2026-07-30
2001,ニップン,自社指定商品優待販売,100,3|9,なし,https://www.nippn.co.jp/ir/stock/benefit.html,confirmed,2026-07-30
2002,日清製粉グループ本社,3000円相当の自社グループ商品,500,3,なし,https://www.nisshin.com/ir/stock/benefit/,confirmed,2026-07-30
2201,森永製菓,1500円相当の自社商品,100,9,6か月以上継続保有,https://www.morinaga.co.jp/company/ir/stock/benefit.html,confirmed,2026-07-30
2206,江崎グリコ,1000円相当の自社グループ商品,100,6,6か月以上継続保有,https://www.glico.com/jp/company/ir/stock/benefit/,confirmed,2026-07-30
2222,寿スピリッツ,3000円相当の自社グループ商品,100,3,なし,https://www.kotobukispirits.co.jp/ir/stock/benefit.html,confirmed,2026-07-30
2267,ヤクルト本社,自社商品詰め合わせ,100,3|9,なし,https://www.yakult.co.jp/company/ir/stock/benefit.html,confirmed,2026-07-30
2269,明治ホールディングス,1500円相当の自社グループ商品,100,3,なし,https://www.meiji.com/investor/stock_info/benefit/,confirmed,2026-07-30
2282,日本ハム,1500円相当の自社グループ商品,100,3,なし,https://www.nipponham.co.jp/ir/stock/benefit.html,confirmed,2026-07-30
2288,丸大食品,3000円相当の自社商品,200,9,なし,https://www.marudai.jp/corporate/ir/stock/benefit.html,confirmed,2026-07-30
2296,伊藤ハム米久ホールディングス,5000円相当の自社グループ商品,1000,3,なし,https://www.itoham-yonekyu-holdings.com/ir/stock/benefit.html,confirmed,2026-07-30
2531,宝ホールディングス,1000円相当の自社グループ商品,100,3,1年以上継続保有,https://www.takara.co.jp/ir/stock/benefit.html,confirmed,2026-07-30
2590,ダイドーグループホールディングス,6000円相当の株主優待品,200,1,5年以上継続保有（初回の記念品は100株・半年以上）,https://www.dydo-ghd.co.jp/ir/stock/benefit.html,confirmed,2026-07-30
2594,キーコーヒー,1000円相当の自社商品,100,3|9,なし,https://www.keycoffee.co.jp/ir/stock/benefit/,confirmed,2026-07-30
2607,不二製油グループ本社,1500円相当の自社関連商品,100,3,なし,https://www.fujioilholdings.com/ir/stock/benefit/,confirmed,2026-07-30
2613,J-オイルミルズ,3000円相当の自社商品,200,3,なし,https://www.j-oil.com/ir/stock/benefit.html,confirmed,2026-07-30
2694,焼肉坂井ホールディングス,優待割引券および20%割引券,100,3|9,なし,https://ys-holdings.co.jp/ir/benefit/,confirmed,2026-07-30
2730,エディオン,3000円分の株主優待ギフトカード,100,3,1年以上で優待額増額,https://www.edion.co.jp/ir/benefit,confirmed,2026-07-30
2752,フジオフードグループ本社,3000円相当の食事券または自社関連品,100,6|12,なし,https://fujiogroup.com/ir/stockholder.html,confirmed,2026-07-30
2801,キッコーマン,1000円相当の自社グループ商品,100,3,1年以上継続保有,https://www.kikkoman.com/jp/ir/shareholder/benefit.html,confirmed,2026-07-30
2810,ハウス食品グループ本社,1000円相当の自社グループ商品,100,3|9,6か月以上継続保有,https://housefoods-group.com/ir/stock/benefit.html,confirmed,2026-07-30
2811,カゴメ,2000円相当の自社商品,100,6,6か月以上継続保有,https://www.kagome.co.jp/company/ir/stock/benefit/,confirmed,2026-07-30
2875,東洋水産,2000円相当の自社製品,100,3,1年以上継続保有,https://www.maruchan.co.jp/ir/stock/benefit.html,confirmed,2026-07-30
2908,フジッコ,1000円相当の自社製品,100,3,6か月以上継続保有,https://www.fujicco.co.jp/corp/ir/stock/benefit.html,confirmed,2026-07-30
2922,なとり,2500円相当の自社製品,100,3,なし,https://www.natori.co.jp/corporate/ir/stock/benefit.html,confirmed,2026-07-30
2935,ピックルスホールディングス,1500円相当の自社グループ商品または寄付,100,2,なし,https://www.pickles-hd.co.jp/ir/stock/benefit/,confirmed,2026-07-30
3002,グンゼ,通販サイト30%割引および施設優待,100,3|9,なし,https://www.gunze.co.jp/ir/stock/benefit/,confirmed,2026-07-30
3038,神戸物産,1000円分のGyomucaカード,100,10,なし,https://www.kobebussan.co.jp/ir/stockholder.php,confirmed,2026-07-30
3048,ビックカメラ,年間3000円分の買物優待券,100,2|8,1年以上で追加贈呈,https://www.biccamera.co.jp/ir/service/index.html,confirmed,2026-07-30
3063,ジェイグループホールディングス,年間4000円分の食事優待券,100,2|8,なし,https://www.jgroup.jp/ir/benefit.html,confirmed,2026-07-30
3068,WDI,3000円分の株主優待券および20%割引カード,100,3,なし,https://www.wdi.co.jp/ir/benefit,confirmed,2026-07-30
3073,DDグループ,6000円分の株主優待券,100,2,なし,https://www.dd-grp.com/ir/benefit/,confirmed,2026-07-30
3088,マツキヨココカラ＆カンパニー,2000円相当のポイントまたは寄付,100,3|9,なし,https://www.matsukiyococokara.com/ir/stock/benefit/,confirmed,2026-07-30
3097,物語コーポレーション,年間7000円分の株主優待電子カード,100,6|12,なし,https://www.monogatari.co.jp/ir/stock/benefit/,confirmed,2026-07-30
3141,ウエルシアホールディングス,3000円分の買物優待券またはポイント等,100,2,なし,https://www.welcia.co.jp/ja/ir/stock/benefit.html,confirmed,2026-07-30
3159,丸善CHIホールディングス,500円分の商品券,100,7,なし,https://www.maruzen-chi.co.jp/ir/stock/benefit.html,confirmed,2026-07-30
3167,TOKAIホールディングス,500ml飲料水12本またはQUOカード500円分等,100,3|9,なし,https://www.tokaiholdings.co.jp/ir/stock/benefit.html,confirmed,2026-07-30
3178,チムニー,年間6000円分の食事券,100,3|9,なし,https://www.chimney.co.jp/ir/stockholder/benefit.html,confirmed,2026-07-30
3182,オイシックス・ラ・大地,1500円相当の自社取扱商品,100,9,なし,https://www.oisixradaichi.co.jp/investors/stock/benefit/,confirmed,2026-07-30
3222,ユナイテッド・スーパーマーケット・ホールディングス,年間6000円分の買物優待券または優待品,100,2|8,なし,https://www.usmh.co.jp/ir/stockholder/benefit,confirmed,2026-07-30
3387,クリエイト・レストランツ・ホールディングス,年間4000円分の食事優待券,100,2|8,1年以上かつ400株以上で追加贈呈,https://www.createrestaurants.com/ir/stock/shareholder/,confirmed,2026-07-30
3395,サンマルクホールディングス,飲食料金20%割引カード,100,3,なし,https://www.saint-marc-hd.com/hd/ir/stock/benefit/,confirmed,2026-07-30
3543,コメダホールディングス,年間2000円分の電子マネーKOMECA,100,2|8,3年以上かつ300株以上で追加贈呈,https://komeda-holdings.co.jp/ir/stockholder.html,confirmed,2026-07-30
3563,FOOD & LIFE COMPANIES,年間3300円分の株主優待割引券,100,3|9,なし,https://www.food-and-life.co.jp/investor/stock/benefit/,confirmed,2026-07-30
3591,ワコールホールディングス,自社グループ商品20%割引,100,3|9,なし,https://www.wacoalholdings.jp/ir/stock/benefit.html,confirmed,2026-07-30
3863,日本製紙,家庭用品詰め合わせ,100,3,なし,https://www.nipponpapergroup.com/ir/stock/benefit/,confirmed,2026-07-30
4461,第一工業製薬,3000円相当の自社商品,100,3,6か月以上継続保有,https://www.dks-web.co.jp/ir/stock/benefit/,confirmed,2026-07-30
4526,理研ビタミン,1000円相当の自社関連商品,100,3|9,3年以上で優待額増額,https://www.rikenvitamin.jp/corporate/ir/stock/benefit.html,confirmed,2026-07-30
4665,ダスキン,年間2000円分の株主優待券,100,3|9,3年以上で追加贈呈,https://www.duskin.co.jp/ir/stock/benefit/,confirmed,2026-07-30
4680,ラウンドワン,年間2000円分の割引券等,100,3|6|9|12,なし,https://www.round1-group.co.jp/ir/stock/benefit.html,confirmed,2026-07-30
4718,早稲田アカデミー,QUOカード1000円分および株主優待券5000円分,100,3|9,3年以上で優待額増額,https://www.waseda-ac.co.jp/corp/ir/stock/benefit.html,confirmed,2026-07-30
4732,ユー・エス・エス,QUOカード500円分,100,3|9,なし,https://www.ussnet.co.jp/ir/stock/benefit.html,confirmed,2026-07-30
4911,資生堂,株主優待品から1点選択,100,12,1年以上継続保有,https://corp.shiseido.com/jp/ir/shareholder/benefit/,confirmed,2026-07-30
4922,コーセー,4000円～6000円相当の自社製品,100,12,なし,https://corp.kose.co.jp/ja/ir/stock/benefit/,confirmed,2026-07-30
4912,ライオン,自社製品詰め合わせ,100,12,1年以上継続保有,https://www.lion.co.jp/ja/ir/stock/benefit/,confirmed,2026-07-30
4967,小林製薬,5000円相当の自社製品詰め合わせ,100,6|12,なし,https://www.kobayashi.co.jp/ir/stock/benefit.html,confirmed,2026-07-30
6078,バリューHR,年間2500ポイントのカフェテリアプラン,100,12,1年以上でポイント増額,https://www.valuehr.com/ir/stock/benefit/,confirmed,2026-07-30
6412,平和,ゴルフ場優待券2枚,200,3|9,1年以上継続保有,https://www.heiwanet.co.jp/ir/stock/benefit.html,confirmed,2026-07-30
7421,カッパ・クリエイト,年間6000円相当の株主優待ポイント,100,3|9,なし,https://www.kappa-create.co.jp/stockholder/,confirmed,2026-07-30
7458,第一興商,年間4000円分の株主優待券,100,3|9,なし,https://www.dkkaraoke.co.jp/stockinfo/benefit.html,confirmed,2026-07-30
7512,イオン北海道,2500円分の買物優待券,100,2,なし,https://www.aeon-hokkaido.jp/corporation/ir/stock/benefit/,confirmed,2026-07-30
7522,ワタミ,年間8000円分の株主優待券,100,3|9,なし,https://www.watami.co.jp/ir/stock/benefit/,confirmed,2026-07-30
7630,壱番屋,年間2000円分の飲食優待券,100,2|8,なし,https://www.ichibanya.co.jp/comp/ir/stockholder.html,confirmed,2026-07-30
7649,スギホールディングス,1000円分の買物優待券および優待パスポート,100,2,なし,https://www.sugi-hd.co.jp/ir/stock/benefit.html,confirmed,2026-07-30
8160,木曽路,年間3200円分の食事優待券,100,3|9,なし,https://www.kisoji.co.jp/ir/stockholder/,confirmed,2026-07-30
8163,SRSホールディングス,年間24000円分の食事優待券,1000,3|9,なし,https://srs-holdings.co.jp/ir/stock/benefit/,confirmed,2026-07-30
8200,リンガーハット,年間3300円分の食事優待券,100,2|8,3年以上で追加贈呈,https://www.ringerhut.co.jp/corporate/ir/stock/benefit/,confirmed,2026-07-30
8233,高島屋,買物10%割引カード,100,2|8,なし,https://www.takashimaya.co.jp/corp/ir/stock/benefit.html,confirmed,2026-07-30
8016,オンワードホールディングス,公式通販サイト20%割引券6枚,100,2,1000株以上かつ1年以上で自社製品を追加贈呈,https://www.onward-hd.co.jp/ir/stock/benefit.html,confirmed,2026-07-30
8279,ヤオコー,1000円分の買物優待券または自社商品,100,3,なし,https://www.yaoko-net.com/corporate/ir/stock/benefit.html,confirmed,2026-07-30
8282,ケーズホールディングス,年間2000円分の買物優待券,100,3|9,1年以上で追加贈呈,https://www.ksdenki.co.jp/ir/stockholder.html,confirmed,2026-07-30
8424,芙蓉総合リース,3000円相当のカタログギフトまたは図書カード,100,3,1年以上継続保有,https://www.fgl.co.jp/ir/stock/benefit.html,confirmed,2026-07-30
9041,近鉄グループホールディングス,近畿日本鉄道線沿線招待乗車券4枚等,100,3|9,なし,https://www.kintetsu-g-hd.co.jp/ir/stock/benefit.html,confirmed,2026-07-30
9042,阪急阪神ホールディングス,阪急・阪神電車全線乗車証2回カード等,100,3|9,なし,https://www.hankyu-hanshin.co.jp/ir/stock/benefit.html,confirmed,2026-07-30
9044,南海電気鉄道,南海電鉄線6回乗車カード等,200,3|9,なし,https://www.nankai.co.jp/ir/stock/benefit.html,confirmed,2026-07-30
9048,名古屋鉄道,電車線株主優待乗車証2枚等,200,3|9,なし,https://www.meitetsu.co.jp/ir/stock/benefit/,confirmed,2026-07-30
9202,ANAホールディングス,国内線搭乗優待番号1個およびグループ優待券,100,3|9,なし,https://www.ana.co.jp/group/investors/stock/benefit/,confirmed,2026-07-30
9279,ギフトホールディングス,年間2枚の電子チケット,100,4|10,1年以上で追加贈呈,https://www.gift-group.co.jp/ir/benefit.html,confirmed,2026-07-30
9404,日本テレビホールディングス,自社関連施設・サービス優待,100,3|9,なし,https://www.ntvhd.co.jp/ir/stock/benefit.html,confirmed,2026-07-30
9432,日本電信電話,1500ポイントのdポイント,100,3,2年以上継続保有（進呈は保有2年・5年時）,https://group.ntt/jp/ir/shares/dividend.html,confirmed,2026-07-30
9616,共立メンテナンス,年間4000円分の株主優待割引券等,100,3|9,3年以上で追加贈呈,https://www.kyoritsugroup.co.jp/ir/stock/benefit.html,confirmed,2026-07-30
9633,東京テアトル,年間8枚の映画招待券,100,3|9,なし,https://www.theatres.co.jp/ir/stock/benefit/,confirmed,2026-07-30
9601,松竹,映画優待80ポイント,100,2|8,なし,https://www.shochiku.co.jp/company/ir/benefit/,confirmed,2026-07-30
9722,藤田観光,年間20枚の株主優待券および提携施設優待券,100,6|12,なし,https://www.fujita-kanko.co.jp/ir/stock/benefit.html,confirmed,2026-07-30
9728,日本管財ホールディングス,2000円相当のカタログギフト,100,3|9,3年以上で優待額増額,https://www.nkanzaihd.co.jp/ir/stock/benefit.html,confirmed,2026-07-30
9831,ヤマダホールディングス,年間1500円分の買物優待券,100,3|9,なし,https://www.yamada-holdings.jp/ir/stock/benefit.html,confirmed,2026-07-30
9832,オートバックスセブン,年間2000円分のオートバックス限定Vポイント,100,3|9,1年以上継続保有,https://www.autobacs.co.jp/ja/ir/stock/benefit.html,confirmed,2026-07-30
9850,グルメ杵屋,年間2000円分の食事優待券,100,3|9,なし,https://www.gourmet-kineya-hd.co.jp/ir/stock/benefit.php,confirmed,2026-07-30
9887,松屋フーズホールディングス,食事優待券10枚,100,3,1年以上継続保有,https://www.matsuyafoods-holdings.co.jp/ir/stock/benefit.html,confirmed,2026-07-30
9900,サガミホールディングス,年間4000円分の20%割引券,100,3|9,なし,https://www.sagami-holdings.co.jp/ir/stock/benefit/,confirmed,2026-07-30
9946,ミニストップ,ソフトクリーム無料券5枚,100,2|8,なし,https://www.ministop.co.jp/corporate/ir/stock/benefit.html,confirmed,2026-07-30
9948,アークス,2000円分のアークスグループ商品券等,100,2,なし,https://www.arcs-g.co.jp/company/ir/stock/benefit/,confirmed,2026-07-30
9979,大庄,年間6000円分の飲食優待券,100,2|8,なし,https://www.daisyo.co.jp/company/ir/stock/benefit.html,confirmed,2026-07-30
9990,サックスバー ホールディングス,2000円相当の自社グループ商品,100,3,なし,https://www.sacs-bar.co.jp/ir/stock/benefit/,confirmed,2026-07-30
8214,AOKIホールディングス,AOKI等の20%割引券5枚および施設優待券,100,3|9,なし,https://www.aoki-hd.co.jp/ja/ir/stock/benefit.html,confirmed,2026-07-30
8173,上新電機,5000円分の買物優待券,1,9,なし,https://www.joshin.co.jp/ja/ir/stock/benefit.html,confirmed,2026-07-30
1377,サカタのタネ,商品カタログAコースから商品1点,100,5,1年以上継続保有が必要,https://corporate.sakataseed.co.jp/ir/stock/benefit.html,confirmed,2026-07-30
1379,ホクト,健康セット・レトルトセット・きのこセットから1点,100,3,なし,https://www.hokto-kinoko.co.jp/corporate/ir/stock/benefit/,confirmed,2026-07-30
2211,不二家,"3,000円分の株主優待券",100,12,なし,https://www.fujiya-peko.co.jp/company/ir/stockholder.html,confirmed,2026-07-30
2226,湖池屋,"2,500円相当の自社商品",100,9,なし,https://koike-ya.com/company/ir/stockholder.html,confirmed,2026-07-30
2264,森永乳業,870円相当の自社商品,100,9,なし,https://www.morinagamilk.co.jp/ir/stock/benefit/,confirmed,2026-07-30
2374,セントケア・ホールディング,500円分のQUOカード,100,9,"3年以上で1,500円分に増額",https://www.saint-care.com/ir/stock/benefit.html,confirmed,2026-07-30
2378,ルネサンス,年間4枚の施設利用券,100,3|9,なし,https://www.s-renaissance.co.jp/ir/stock/benefit/,confirmed,2026-07-30
2533,オエノンホールディングス,"1,500円相当の株主限定オリジナル商品",1000,12,なし,https://www.oenon.jp/ir/stock/benefit.html,confirmed,2026-07-30
2540,養命酒製造,"1,500円相当の自社商品詰め合わせ",100,9,なし,https://www.yomeishu.co.jp/company/ir/stock/benefit.html,confirmed,2026-07-30
2587,サントリー食品インターナショナル,"1,000円相当の自社商品",100,12,なし,https://www.suntory.co.jp/softdrink/ir/stock/benefit.html,confirmed,2026-07-30
2593,伊藤園,"1,500円相当の自社製品詰め合わせ",100,4,なし,https://www.itoen.co.jp/ir/stock/benefit/,confirmed,2026-07-30
2664,カワチ薬品,"5,000円分の優待券またはおこめ券5枚",100,3,なし,https://www.cawachi.co.jp/ir/stockholder/benefit.html,confirmed,2026-07-30
2681,ゲオホールディングス,"リユース店舗で使える2,000円分の割引券",100,9,なし,https://www.geonet.co.jp/ir/stock/benefit/,confirmed,2026-07-30
2685,アダストリア,"3,000円分の株主優待券",100,2,なし,https://www.adastria.co.jp/ir/stock/benefit/,confirmed,2026-07-30
2695,くら寿司,"2,500円分の電子株主優待割引券",100,4,なし,https://www.kurasushi.co.jp/company/ir/stock/benefit.html,confirmed,2026-07-30
2705,大戸屋ホールディングス,"年間8,000円分の株主優待ポイント",100,3|9,なし,https://www.ootoya.jp/ir/stockholder.html,confirmed,2026-07-30
2726,パルグループホールディングス,宿泊施設・ECサイトで使える50%割引券2枚,100,2,なし,https://www.palgroup.holdings/ir/stock/benefit/,confirmed,2026-07-30
2791,大黒天物産,"2,000円相当の大粒ピオーネ",100,5,なし,https://www.e-dkt.co.jp/ir/stockholder.html,confirmed,2026-07-30
2802,味の素,500円相当の自社グループ商品,100,3,半年以上継続保有が必要,https://www.ajinomoto.co.jp/company/jp/ir/stock/benefit.html,confirmed,2026-07-30
2804,ブルドックソース,"1,000円相当の自社グループ商品",100,3,なし,https://www.bulldog.co.jp/company/ir/stockholder.html,confirmed,2026-07-30
2816,ダイショー,"年間2,000円相当の自社製品詰め合わせ",100,3|9,なし,https://www.daisho.co.jp/corporate/ir/stock/benefit,confirmed,2026-07-30
2818,ピエトロ,"1,000円相当の自社商品",100,3,なし,https://www.pietro.co.jp/company/ir/stockholder/,confirmed,2026-07-30
2882,イートアンドホールディングス,"3,000円相当の自社製品または食事券",100,2,なし,https://www.eat-and.jp/ir/stock/benefit/,confirmed,2026-07-30
2903,シノブフーズ,500円分のQUOカード,100,3,なし,https://www.shinobufoods.co.jp/ir/stockholder.html,confirmed,2026-07-30
2933,紀文食品,"3,000円相当の自社商品詰め合わせ",300,9,なし,https://www.kibun.co.jp/corporate/ir/stock/benefit/,confirmed,2026-07-30
3001,片倉工業,"1,000円相当の自社グループ商品または寄付",100,12,なし,https://www.katakura.co.jp/ir/stock/benefit/,confirmed,2026-07-30
3050,DCMホールディングス,500円分の買物優待券,100,2,"3年以上で2,000円分に増額",https://www.dcm-hldgs.co.jp/grp/ir/stock/benefit.html,confirmed,2026-07-30
3058,三洋堂ホールディングス,"株主優待カードと1,000円分の図書カード",100,3,1年以上継続保有が必要,https://ir.sanyodo.co.jp/stock/benefit/,confirmed,2026-07-30
3075,銚子丸,"年間1,000円分の食事優待券",100,5|11,なし,https://www.choushimaru.co.jp/ir/stockholder/,confirmed,2026-07-30
3091,ブロンコビリー,"年間4,000円分の株主優待券",100,6|12,なし,https://www.bronco.co.jp/ir/stockholder/,confirmed,2026-07-30
3099,三越伊勢丹ホールディングス,利用限度額30万円の10%割引優待カード,100,3|9,なし,https://www.imhds.co.jp/ja/ir/stockholder/preferential.html,confirmed,2026-07-30
3148,クリエイトSDホールディングス,"1,500円分の買物券またはおこめ券3枚",100,5,なし,https://www.createsdhd.co.jp/ir/stock/benefit.html,confirmed,2026-07-30
3153,八洲電機,500円分のジェフグルメカード,100,9,なし,https://www.yashimadenki.co.jp/ir/stock/benefit.html,confirmed,2026-07-30
3172,ティーライフ,"1,000円分の株主優待券",100,7,なし,https://www.tealifeir.com/stock/benefit.html,confirmed,2026-07-30
3196,ホットランドホールディングス,"年間3,000円分の株主優待券",100,6|12,なし,https://hotland.co.jp/ir/stock/benefit/,confirmed,2026-07-30
3198,SFPホールディングス,"年間8,000円分の食事券",100,2|8,なし,https://www.sfpdining.jp/ir/stock/benefit/,confirmed,2026-07-30
3201,ニッケ,"1,000円分のQUOカード",100,5,なし,https://www.nikke.co.jp/ir/stock/benefit/,confirmed,2026-07-30
3221,ヨシックスホールディングス,"年間6,000円分の食事券と20%割引券20枚",100,3|9,なし,https://yossix.co.jp/ir/stockholder/,confirmed,2026-07-30
3232,三重交通グループホールディングス,共通路線バス乗車券2枚など,100,3|9,なし,https://holdings.sanco.co.jp/ir/stock/benefit/,confirmed,2026-07-30
3289,東急不動産ホールディングス,宿泊・スポーツ・買物施設の優待券,100,3|9,なし,https://www.tokyu-fudosan-hd.co.jp/ir/stockandbond/complimentary/,confirmed,2026-07-30
3397,トリドールホールディングス,"年間6,000円分の株主優待カード入金",100,3|9,なし,https://www.toridoll.com/ir/stock/benefit/,confirmed,2026-07-30
3529,アツギ,自社ECサイトで使える30%割引券3枚,100,3|9,なし,https://www.atsugi.co.jp/ir/stock/benefit.html,confirmed,2026-07-30
3612,ワールド,"年間3,000円分の株主優待券",100,2|8,半年以上継続保有が必要,https://corp.world.co.jp/ir/stock/benefit/,confirmed,2026-07-30
3648,AGS,"年間2,000円分のQUOカード",100,3|9,1年以上継続保有が必要,https://www.ags.co.jp/ir/stock/benefit/,confirmed,2026-07-30
3762,テクマトリックス,"1,500円相当の商品または寄付から1点",500,9,なし,https://www.techmatrix.co.jp/ir/stock/benefit.html,confirmed,2026-07-30
3771,システムリサーチ,"1,000円分のQUOカード",100,9,なし,https://www.sr-net.co.jp/ir/stock/benefit.html,confirmed,2026-07-30
3839,ODKソリューションズ,"年間1,000円分のQUOカード",100,3|9,1年以上継続保有が必要,https://www.odk.co.jp/ir/stock/benefit.html,confirmed,2026-07-30
3964,オークネット,"1,000円分のQUOカード",100,12,なし,https://www.aucnet.co.jp/ir/stock/benefit/,confirmed,2026-07-30
4337,ぴあ,"2,500円分の図書カード・シネマギフトカード等",100,3,なし,https://corporate.pia.jp/ir/stock/benefit/,confirmed,2026-07-30
4343,イオンファンタジー,"年間4,000円分の優待券と米3kg",100,2|8,なし,https://www.fantasy.co.jp/company/ir/stock/benefit.html,confirmed,2026-07-30
4559,ゼリア新薬工業,年間20本のヘパリーゼWセット,100,3|9,なし,https://www.zeria.co.jp/ir/stock/benefit.html,confirmed,2026-07-30
4668,明光ネットワークジャパン,500円分のQUOカード,100,8,"3年以上で1,500円分に増額",https://www.meikonet.co.jp/ja/ir/stock/benefit.html,confirmed,2026-07-30
4679,田谷,"年間6,600円分の株主優待券",100,3|9,なし,https://www.taya.co.jp/tww/ir/benefit/,confirmed,2026-07-30
4839,WOWOW,"視聴料3か月分無料または2,000円分のQUOカード",100,9,1年以上継続保有が必要,https://corporate.wowow.co.jp/ir/stock/benefit/,confirmed,2026-07-30
4931,新日本製薬,"4,000円相当の自社商品",100,9,"半年以上で8,500円相当に増額",https://corporate.shinnihonseiyaku.co.jp/ir/stock/benefit/,confirmed,2026-07-30
4977,新田ゼラチン,"1,000円相当の自社商品",100,3,なし,https://www.nitta-gelatin.co.jp/ja/ir/stock/benefit.html,confirmed,2026-07-30
4994,大成ラミック,"5,000円相当の自社関連商品",100,3,1年以上継続保有が必要,https://www.lamick.co.jp/ir/stock/benefit/,confirmed,2026-07-30
5185,フコク,棚田米2kg,100,3,なし,https://www.fukoku-rubber.co.jp/ir/stock/benefit.html,confirmed,2026-07-30
5261,リソルホールディングス,"20,000円分のRESOLファミリー商品券",100,3,なし,https://www.resol.jp/ir/stock/benefit/,confirmed,2026-07-30
5301,東海カーボン,"2,000円相当のカタログギフト",100,12,1年以上継続保有が必要,https://www.tokaicarbon.co.jp/ir/stock/benefit.html,confirmed,2026-07-30
5463,丸一鋼管,年間6枚の全国共通おこめ券,100,3|9,なし,https://www.maruichikokan.co.jp/ir/stock/benefit.html,confirmed,2026-07-30
5949,ユニプレス,"1,000ポイントの株主優待ポイント",100,3,1年以上継続保有が必要,https://www.unipres.co.jp/ir/stock/benefit/,confirmed,2026-07-30
6073,アサンテ,"年間2,000円分のギフトカード",100,3|9,なし,https://www.asante.co.jp/ir/stock/benefit.html,confirmed,2026-07-30
6082,ライドオンエクスプレスホールディングス,"2,500円分の優待券または米2kg",100,3,なし,https://www.rideonexpresshd.co.jp/ir/stock/benefit.html,confirmed,2026-07-30
6249,ゲームカード・ジョイコホールディングス,"2,000円相当の商品から1点",100,3,なし,https://www.gamecard-joyco.co.jp/ir/stock/benefit.html,confirmed,2026-07-30
6293,日精樹脂工業,"1,500円相当の長野県坂城町特産品",100,3,なし,https://www.nisseijushi.co.jp/ir/stock/benefit.html,confirmed,2026-07-30
6339,新東工業,"1,000円分のQUOカード",100,9,1年以上継続保有が必要,https://www.sinto.co.jp/ir/stock/benefit/,confirmed,2026-07-30
6490,PILLAR,"1,500円分のQUOカード",100,3,なし,https://www.pillar.co.jp/ir/stock/benefit/,confirmed,2026-07-30
7164,全国保証,"3,000円分のQUOカード",100,3,"1年以上で5,000円分に増額",https://www.zenkoku.co.jp/ir/stock/benefit.html,confirmed,2026-07-30
7185,ヒロセ通商,"10,000円相当の自社キャンペーン商品",100,9,なし,https://hirose-fx.co.jp/ir/stock/benefit/,confirmed,2026-07-30
7278,エクセディ,"3,000円相当のWEBカタログギフト",100,9,1年以上継続保有が必要,https://www.exedy.com/ja/ir/stock/benefit/,confirmed,2026-07-30
7313,テイ・エス テック,"3,000ポイントの株主優待ポイント",200,3,1年以上継続保有が必要,https://www.tstech.co.jp/ir/stock/benefit.html,confirmed,2026-07-30
7416,はるやまホールディングス,ワイシャツ等贈呈券1枚と15%割引券2枚,100,3,なし,https://www.haruyama.co.jp/ir/stock/benefit/,confirmed,2026-07-30
7438,コンドーテック,全国共通おこめ券2枚,1000,3,なし,https://www.kondotec.co.jp/ir/stock/benefit.html,confirmed,2026-07-30
7456,松田産業,"2,000円分のQUOカード",100,3,1年以上継続保有が必要,https://www.matsuda-sangyo.co.jp/ja/ir/stock/benefit.html,confirmed,2026-07-30
7482,シモジマ,"1,000円分のQUOカード",100,3,なし,https://www.shimojima.co.jp/ir/stock/benefit.html,confirmed,2026-07-30
7504,高速,500円分のQUOカード,100,3,なし,https://www.kohsoku.com/ir/stock/benefit/,confirmed,2026-07-30
7510,たけびし,"年間2,000円分のQUOカード",100,3|9,なし,https://www.takebishi.co.jp/ir/stock/benefit.html,confirmed,2026-07-30
7513,コジマ,"年間3,000円分の買物優待券",100,2|8,なし,https://www.kojima.net/corporation/ir/stockholder.html,confirmed,2026-07-30
7516,コーナン商事,"1,000円分の自社商品券",100,2,なし,https://www.hc-kohnan.com/corporate/ir/stock/benefit/,confirmed,2026-07-30
7520,エコス,"年間6,000円分の買物券または米4kg",100,2|8,なし,https://www.eco-s.co.jp/ir/stock/benefit/,confirmed,2026-07-30
7532,パン・パシフィック・インターナショナルホールディングス,"年間4,000円分のmajicaポイント",100,6|12,なし,https://ppih.co.jp/ir/stock/benefit/,confirmed,2026-07-30
7552,ハピネット,カタログから玩具・ゲーム等1点,100,3,なし,https://www.happinet.co.jp/ir/stock/benefit.html,confirmed,2026-07-30
7611,ハイデイ日高,"年間2,000円分の優待券またはおこめ券2kg分",100,2|8,なし,https://hidakaya.hiday.co.jp/ir/stock/benefit.html,confirmed,2026-07-30
7867,タカラトミー,自社商品割引券と株主限定トミカ2台,100,3,3年以上で割引率40%,https://www.takaratomy.co.jp/company/ir/stock/benefit.html,confirmed,2026-07-30
7874,レック,"2,000円相当の自社新製品詰め合わせ",100,3,なし,https://www.lecinc.co.jp/ir/stock/benefit.html,confirmed,2026-07-30
7893,プロネクサス,500円分のQUOカード,100,3,保有年数に応じて優待額増額,https://www.pronexus.co.jp/home/ir/stock/benefit.html,confirmed,2026-07-30
8029,ルックホールディングス,"2,000円分のオンラインショップ優待券",100,12,なし,https://www.look-holdings.jp/ir/stock/benefit.html,confirmed,2026-07-30
8095,アステナホールディングス,"3,000円相当の自社商品",100,11,1年以上継続保有が必要,https://www.astena-hd.com/ir/stock/benefit.html,confirmed,2026-07-30
8153,モスフードサービス,"年間2,000円分の株主優待券",100,3|9,なし,https://www.mos.co.jp/company/ir/stockholder/,confirmed,2026-07-30
8165,千趣会,"年間2,000円分のベルメゾンお買い物券",100,6|12,なし,https://www.senshukai.co.jp/main/top/ir/stock/benefit.html,confirmed,2026-07-30
8242,エイチ・ツー・オー リテイリング,10%割引株主優待券5枚,100,3|9,なし,https://www.h2o-retailing.co.jp/ja/ir/stock/benefit.html,confirmed,2026-07-30
8255,アクシアル リテイリング,"年間2,000円分のQUOカードまたは買物券",100,3|9,なし,https://www.axial-r.com/ir/stock/benefit/,confirmed,2026-07-30
8273,イズミ,"年間4,000円分の優待券または1,000円分のギフト券",100,2|8,なし,https://www.izumi.co.jp/corp/ir/stock/benefit/,confirmed,2026-07-30
8281,ゼビオホールディングス,年間2枚の20%割引券と8枚の10%割引券,100,3|9,なし,https://www.xebio.co.jp/ja/ir/stock/benefit.html,confirmed,2026-07-30
8566,リコーリース,"2,000円分のQUOカード",100,3,"1年以上で4,000円分に増額",https://www.r-lease.co.jp/ir/stock/benefit.html,confirmed,2026-07-30
8793,NECキャピタルソリューション,"2,000円相当のオンラインカタログギフト",100,3,"1年以上で3,000円相当に増額",https://www.necap.co.jp/ir/stock/benefit.html,confirmed,2026-07-30
8877,エスリード,"3,000円相当の季節のフリーチョイスギフト",100,3,なし,https://www.eslead.co.jp/ir/stock/benefit.html,confirmed,2026-07-30
8923,トーセイ,"自社ホテル宿泊料金3,000円割引券",100,11,1年以上でQUOカードを追加,https://www.toseicorp.co.jp/ir/stock/benefit/,confirmed,2026-07-30
9142,九州旅客鉄道,"鉄道優待券1枚と2,500円分のグループ優待券",100,3,なし,https://www.jrkyushu.co.jp/company/ir/stock/shareholder/,confirmed,2026-07-30
